scenario,lambda,theta_r,q_t,q_g,q_total,green_share,purchase_price,profit_t,profit_g,profit_r,utility_r,risk_sd,theta_t,utility_t
S,0.05,0.0,0.7261904761904763,0.9196428571428572,1.6458333333333335,0.5587703435804702,2.178571428571429,0.7910289115646261,1.6564859693877554,4.643601190476191,4.643601190476191,0.37323991709661186,,
S,0.05,0.05,0.7275990775741151,0.9206993081805863,1.6482983857547016,0.558575629350646,2.1827972327223453,0.7941006265300548,1.6603744321684206,4.643590773647436,4.636646221144474,0.3726808957529824,,
S,0.05,0.1,0.7290034657930967,0.9217525993448226,1.6507560651379194,0.5583820764382961,2.1870103973792903,0.7971690797075203,1.664255708797874,4.643559647696042,4.629712054313251,0.3721235464572403,,
S,0.05,0.15000000000000002,0.7304036597217284,0.9228027447912963,1.6532064045130248,0.5581896744847906,2.1912109791651853,0.8002342592023415,1.6681298115887009,4.643507998169984,4.622798596790632,0.37156786171887696,,
S,0.05,0.2,0.7317996781217458,0.9238497585913094,1.6556494367130552,0.5579984132543295,2.1953990343652374,0.8032961533486362,1.6719967528984412,4.643436008958085,4.615905755940547,0.3710138340920595,,
S,0.05,0.25,0.7331915396431526,0.9248936547323645,1.6580851943755173,0.5578082826321275,2.199574618929458,0.806354750706445,1.6758565451283807,4.643343862306482,4.609033439678601,0.37046145617529713,,
S,0.05,0.30000000000000004,0.7345792628250507,0.925934447118788,1.6605137099438387,0.5576192726226299,2.203737788475152,0.8094100400588924,1.6797092007223513,4.6432317388348885,4.602181556467979,0.3699107206111119,,
S,0.05,0.35000000000000003,0.7359628660964632,0.9269721495723474,1.6629350156688107,0.557431373347762,2.2078885982893897,0.8124620104093809,1.6835547321655568,4.643099817552699,4.595350015315379,0.369361620085712,,
S,0.05,0.4,0.7373423677771503,0.9280067758328627,1.6653491436100132,0.557244575045208,2.212027103331451,0.8155106509788215,1.6873931519834104,4.642948275874896,4.588538725766987,0.36881414732866796,,
S,0.05,0.45,0.7387177860784178,0.9290383395588133,1.667756125637231,0.5570588680667193,2.2161533582352533,0.8185559512028986,1.691224472740394,4.642777289637791,4.58174759790448,0.36826829511259185,,
S,0.05,0.5,0.7400891391039174,0.930066854327938,1.6701559934318553,0.556874242876455,2.220267417311752,0.8215979007293663,1.6950487070389317,4.642587033114587,4.574976542341074,0.3677240562528197,,
S,0.05,0.55,0.7414564448504439,0.931092333637833,1.6725487784882769,0.556690690049348,2.224369334551332,0.8246364894153893,1.6988658675182913,4.642377679030773,4.5682254702176,0.3671814236070948,,
S,0.05,0.6000000000000001,0.7428197212087193,0.9321147909065395,1.6749345121152588,0.5565082002695022,2.228459163626158,0.8276717073248994,1.7026759668534837,4.642149398579337,4.561494293198615,0.3666403900752573,,
S,0.05,0.65,0.7441789859641749,0.9331342394731311,1.677313225437306,0.5563267643286162,2.2325369578925245,0.8307035447260012,1.7064790177541977,4.641902361435829,4.5547829234685535,0.3661009485989327,,
S,0.05,0.7000000000000001,0.745534256797724,0.934150692598293,1.6796849493960169,0.5561463731244338,2.236602770393172,0.8337319920884019,1.710275032963741,4.641636735773238,4.548091273727904,0.3655630921612262,,
S,0.05,0.75,0.7468855512865291,0.9351641634648968,1.682049714751426,0.5559670176592229,2.2406566538595873,0.8367570400808739,1.7140640252580006,4.641352688276727,4.541419257189428,0.3650268137864176,,
S,0.05,0.8,0.748232886904762,0.9361746651785715,1.6844075520833335,0.5557886890382784,2.244698660714286,0.8397786795687516,1.717846007444421,4.64105038415818,4.534766787574405,0.36449210653966,,
S,0.05,0.8500000000000001,0.7495762810243553,0.9371822107682665,1.6867584917926217,0.5556113784684525,2.248728843073066,0.8427969016114547,1.7216209923609909,4.640729987170617,4.528133779108913,0.3639589635266815,,
S,0.05,0.9,0.7509157509157508,0.9381868131868131,1.6891025641025639,0.5554350772567092,2.2527472527472523,0.8458116974600487,1.7253889928752562,4.640391659622429,4.521520146520146,0.36342737789348784,,
S,0.05,0.9500000000000001,0.7522513137486398,0.9391884853114799,1.6914397990601198,0.5552597768087032,2.2567539412459197,0.8488230585548322,1.729150021883344,4.640035562391467,4.514925805032757,0.362897342826069,,
S,0.05,1.0,0.7535829865926954,0.9401872399445216,1.693770226537217,0.5550854686273841,2.2607489597780863,0.8518309765229498,1.732904092308995,4.639661854938978,4.508350670365233,0.3623688515501086,,
S,0.05,1.05,0.7549107864182997,0.9411830898137248,1.6960938762320246,0.5549121443116227,2.264732359254899,0.8548354431760435,1.73665121710262,4.639270695323383,4.501794658726311,0.36184189733069505,,
S,0.05,1.1,0.7562347300972664,0.9421760475729498,1.6984107776702162,0.554739795554862,2.2687041902917993,0.8578364505079281,1.740391409240371,4.638862240213908,4.495257686811414,0.36131647347203477,,
S,0.05,1.1500000000000001,0.7575548344035535,0.9431661258026651,1.7007209602062185,0.5545684141437892,2.2726645032106605,0.860833990692293,1.7441246817232174,4.638436644904069,4.48873967179912,0.36079257331716963,,
S,0.05,1.2000000000000002,0.7588711160139732,0.9441533370104799,1.7030244530244532,0.5543979919570322,2.2766133480419195,0.8638280560804397,1.7478510475760496,4.6379940633250065,4.482240531347674,0.3602701902476949,,
S,0.05,1.25,0.7601835915088926,0.9451376936316694,1.705321285140562,0.5542285209638758,2.2805507745266778,0.8668186391990383,1.751570519846783,4.637534648058671,4.475760183591508,0.3597493176834814,,
S,0.05,1.3,0.7614922773729318,0.9461192080296988,1.7076114854026305,0.5540599932230003,2.2844768321187954,0.8698057327479212,1.7552831116054892,4.637058550350881,4.469298547137815,0.3592299490823984,,
S,0.05,1.35,0.7627971899956524,0.9470978924967393,1.7098950824923915,0.5538924008812415,2.288391569986957,0.872789329597895,1.7589888359435302,4.636565920124216,4.462855541063133,0.3587120779400403,,
S,0.05,1.4000000000000001,0.7640983456722421,0.9480737592541816,1.7121721049264238,0.5537257361723708,2.2922950370167263,0.8757694227885859,1.7626877059727117,4.636056905990796,4.456431084909972,0.35819569778945476,,
S,0.05,1.4500000000000002,0.7653957606041937,0.9490468204531453,1.714442581057339,0.553559991415895,2.296187281812581,0.8787460055263083,1.7663797348244492,4.635531655264898,4.45002509868346,0.35768080220087395,,
S,0.05,1.5,0.7666894508999772,0.9500170881749829,1.71670653907496,0.5533951590158767,2.3000683526999315,0.8817190711819628,1.7700649356489464,4.6349903139754565,4.44363750284803,0.35716738478144683,,
S,0.05,1.55,0.767979432575706,0.9509845744317795,1.7189640070074854,0.5532312314597745,2.303938297727118,0.8846886132889551,1.7737433216143856,4.6344330268784155,4.437268218324119,0.3566554391749755,,
S,0.05,1.6,0.769265721555798,0.9519492911668485,1.7212150127226464,0.5530682013173004,2.307797164667394,0.8876546255411437,1.7774149059061306,4.633859937468957,4.430917166484915,0.35614495906165256,,
S,0.05,1.6500000000000001,0.7705483336736315,0.9529112502552236,1.7234595839288551,0.5529060612392985,2.3116450010208944,0.8906171017908151,1.7810797017259468,4.633271187993587,4.424584269153111,0.35563593815780076,,
S,0.05,1.7000000000000002,0.7718272846721942,0.9538704635041456,1.7256977481763398,0.5527448039566397,2.3154818540165825,0.8935760360466782,1.7847377222912273,4.632666919462106,4.418269448597707,0.35512837021561555,,
S,0.05,1.75,0.7731025902047279,0.954826942653546,1.727929532858274,0.5525844222791356,2.319307770614184,0.8965314224718892,1.788388980834236,4.632047271659438,4.411972627530822,0.3546222490229092,,
S,0.05,1.8,0.7743742658353666,0.955780699376525,1.7301549652118915,0.55242490909447,2.3231227975061,0.8994832553820946,1.7920334906013586,4.631412383157339,4.405693729104544,0.3541175684028575,,
S,0.05,1.85,0.7756423270397689,0.9567317452798266,1.7323740723195955,0.5522662573671472,2.3269269811193065,0.9024315292435017,1.7956712648523663,4.630762391325982,4.399432676907807,0.35361432221374894,,
S,0.05,1.9000000000000001,0.7769067892057486,0.9576800919043115,1.7345868811100602,0.5521084601374581,2.330720367617246,0.9053762386709783,1.799302316859701,4.630097432345409,4.393189394963283,0.35311250434873404,,
S,0.05,1.9500000000000002,0.7781676676338934,0.9586257507254201,1.7367934183593134,0.5519515105204622,2.3345030029016804,0.9083173784261607,1.8029266599077507,4.629417641216875,4.386963807724317,0.35261210873558047,,
S,0.05,2.0,0.7794249775381851,0.9595687331536388,1.7389937106918238,0.5517954017049858,2.338274932614555,0.9112549434156004,1.8065443072921585,4.62872315177406,4.3807558400718785,0.35211312933642636,,
S,0.05,2.0500000000000003,0.7806787340466097,0.9605090505349573,1.7411877845815669,0.5516401269526375,2.342036202139829,0.9141889286889258,1.8101552723191303,4.628014096694159,4.374565417311531,0.3516155601475383,,
S,0.05,2.1,0.7819289522017651,0.9614467141513238,1.7433756663530888,0.5514856795968381,2.345786856605295,0.9171193294370252,1.8137595683047547,4.62729060750887,4.368392465170452,0.3511193951990705,,
S,0.05,2.15,0.783175646961462,0.9623817352210965,1.7455573821825585,0.5513320530418668,2.349526940884386,0.9200461409902568,1.8173572085743375,4.626552814615249,4.362236909794449,0.3506246285548256,,
S,0.05,2.2,0.7844188331993212,0.9633141248994909,1.747732958098812,0.5511792407619218,2.3532564995979635,0.9229693588166766,1.820948206461744,4.625800847286455,4.356098677745019,0.35013125431201864,,
S,0.05,2.25,0.785658525705364,0.964243894279023,1.749902419984387,0.5510272363001968,2.356975577116092,0.9258889785202893,1.8245325753087516,4.625034833682388,4.349977695996431,0.34963926660104166,,
S,0.05,2.3000000000000003,0.7868947391866007,0.9651710543899505,1.7520657935765511,0.5508760332679712,2.360684217559802,0.9288049958393225,1.8281103284644178,4.624254900860201,4.343873891932825,0.349148659585231,,
S,0.05,2.35,0.7881274882676097,0.9660956162007073,1.754223104468317,0.5507256253437152,2.364382464802829,0.9317174066445169,1.8316814792844487,4.6234611747847145,4.337787193345344,0.348659427460637,,
S,0.05,2.4000000000000004,0.7893567874911157,0.9670175906183368,1.7563743781094525,0.5505760062722088,2.3680703624733472,0.9346262069374418,1.8352460411305866,4.6226537803387115,4.331717528429282,0.3481715644557947,,
S,0.05,2.45,0.7905826513185619,0.9679369884889214,1.7585196398074832,0.5504271698636746,2.3717479539556856,0.9375313928488301,1.8388040273700048,4.621832841333128,4.325664825781266,0.3476850648314969,,
S,0.05,2.5,0.7918050941306757,0.9688538205980067,1.7606589147286824,0.550279109992924,2.375415282392027,0.9404329606369322,1.8423554513747094,4.620998480517139,4.319629014396456,0.34719992288056917,,
S,0.05,2.5500000000000003,0.7930241302280318,0.9697680976710238,1.7627922278990555,0.5501318205985173,2.379072390684095,0.9433309066858893,1.8459003265209528,4.62015081958813,4.31361002366576,0.34671613292764697,,
S,0.05,2.6,0.7942397738316105,0.9706798303737079,1.7649196042053183,0.5499852956819362,2.3827193214948315,0.9462252275041315,1.8494386661886606,4.619289979201569,4.307607783373089,0.3462336893289536,,
S,0.05,2.6500000000000004,0.7954520390833499,0.9715890293125125,1.7670410683958624,0.5498395293067697,2.38635611725005,0.949115919722789,1.8529704837608605,4.618416078980782,4.301622223692626,0.3457525864720814,,
S,0.05,2.7,0.796660940046694,0.9724957050350205,1.7691566450817144,0.5496945155979122,2.389982820140082,0.9520029800941232,1.8564957926231231,4.61752923752661,4.2956532751861145,0.3452728187757742,,
S,0.05,2.75,0.7978664907071374,0.973399868030353,1.7712663587374906,0.5495502487407741,2.393599472121412,0.9548864054899839,1.8600146061630176,4.616629572426979,4.289700868800176,0.34479438068971074,,
S,0.05,2.8000000000000003,0.7990687049727639,0.974301528729573,1.773370233702337,0.5494067229805049,2.397206114918292,0.9577661929002751,1.863526937769566,4.615717200266362,4.283764935863644,0.34431726669429147,,
S,0.05,2.85,0.8002675966747823,0.9752006975060867,1.775468294180869,0.5492639326212276,2.400802790024347,0.9606423394314481,1.8670328008327162,4.614792236635147,4.277845408084929,0.3438414713004255,,
S,0.05,2.9000000000000004,0.8014631795680556,0.9760973846760417,1.7775605642440973,0.5491218720252856,2.4043895387041667,0.963514842305006,1.8705322087428171,4.613854796138903,4.271942217549394,0.3433669890493209,,
S,0.05,2.95,0.8026554673316273,0.9769916004987205,1.7796470678303478,0.5489805356125006,2.407966401994882,0.9663836988560295,1.874025174890103,4.612904992407555,4.2660552967167575,0.3428938145122755,,
S,0.05,3.0,0.8038444735692442,0.9778833551769331,1.7817278287461773,0.5488399178594415,2.4115334207077326,0.9692489065317229,1.877511712664192,4.611942938104456,4.2601845784185235,0.3424219422904697,,
S,0.05,3.0500000000000003,0.8050302118098728,0.9787726588574046,1.7838028706672775,0.5487000132987058,2.4150906354296184,0.9721104628899729,1.8809918354535868,4.6109687449353745,4.25432999585542,0.34195136701476125,,
S,0.05,3.1,0.8062126955082124,0.9796595216311593,1.7858722171393717,0.5485608165182098,2.4186380865246373,0.9749683655979265,1.884465556645184,4.609982523657377,4.248491482594867,0.3414820833454821,,
S,0.05,3.1500000000000004,0.8073919380452046,0.9805439535339034,1.787935891579108,0.5484223221604917,2.422175814135614,0.9778226124305872,1.8879328896237957,4.60898438408763,4.24266897256847,0.3410140859722356,,
S,0.05,3.2,0.8085679527285365,0.9814259645464024,1.789993917274939,0.5482845249220238,2.4257038581856096,0.9806732012694253,1.8913938477716727,4.607974435112102,4.2368624000695165,0.3405473696136971,,
S,0.05,3.25,0.8097407527931447,0.9823055645948585,1.7920463173880032,0.5481474195525358,2.429222258379434,0.983520130101013,1.8948484444680476,4.606952784694183,4.231071699750515,0.340081929017414,,
S,0.05,3.3000000000000003,0.8109103514017072,0.9831827635512804,1.7940931149529877,0.5480110008543473,2.4327310542051217,0.9863633970156604,1.898296693088666,4.605919539883206,4.2252968066207375,0.33961775895961044,,
S,0.05,3.35,0.8120767616451395,0.9840575712338546,1.796134332878994,0.5478752636817119,2.4362302849354185,0.989203000206085,1.901738607005346,4.604874806822891,4.21953765604379,0.3391548542449904,,
S,0.05,3.4000000000000004,0.8132399965430818,0.9849299974073114,1.7981699939503932,0.5477402029401692,2.4397199896292454,0.9920389379660877,1.9051741995855327,4.6038186907596925,4.2137941837352,0.33869320970654443,,
S,0.05,3.45,0.8144000690443827,0.985800051783287,1.8002001208276697,0.5476058135859085,2.443200207133148,0.9948712086892428,1.9086034841918627,4.602751296051068,4.2080663257600275,0.3382328202053574,,
S,0.05,3.5,0.8155569920275804,0.9866677440206852,1.8022247360482657,0.54747209062514,2.446670976082741,0.9976998108676123,1.912026474181737,4.601672726173658,4.202354018530489,0.337773680630418,,
S,0.05,3.5500000000000003,0.8167107783013794,0.9875330837260345,1.804243862027414,0.5473390291134768,2.450132334904138,1.0005247430904674,1.9154431829069023,4.600583083731382,4.1966571988036065,0.33731578589842914,,
S,0.05,3.6,0.8178614406051228,0.9883960804538421,1.8062575210589649,0.5472066241553251,2.4535843218153683,1.0033460040430304,1.9188536237130358,4.599482470463456,4.190975803678873,0.3368591309536209,,
S,0.05,3.6500000000000004,0.819008991609262,0.9892567437069465,1.8082657353162084,0.5470748709032839,2.457026974827786,1.0061635925052304,1.9222578099393426,4.598370987252316,4.185309770595935,0.3364037107675637,,
S,0.05,3.7,0.8201534439158201,0.9901150829368651,1.8102685268526852,0.546943764557554,2.4604603317474605,1.0089775073504705,1.9256557549181508,4.597248734131481,4.179659037332304,0.3359495203389846,,
S,0.05,3.75,0.821294810058855,0.9909711075441412,1.8122659176029963,0.546813300365354,2.4638844301765648,1.0117877475444157,1.9290474719745239,4.5961158102933135,4.174023542001071,0.3354965546935838,,
S,0.05,3.8000000000000003,0.8224331025049159,0.9918248268786869,1.8142579293836028,0.5466834736203474,2.4672993075147476,1.0145943121437921,1.9324329744258746,4.594972314096711,4.168403223048645,0.3350448088838527,,
S,0.05,3.85,0.8235683336534972,0.992676250240123,1.8162445838936203,0.546554279662075,2.470705000960492,1.0173972002951972,1.9358122755815823,4.593818343074727,4.1627980192525245,0.3345942779888946,,
S,0.05,3.9000000000000004,0.8247005158374899,0.9935253868781174,1.8182259027156074,0.546425713875399,2.4741015475124697,1.020196411233933,1.9391853887426258,4.592653993942095,4.15720786971906,0.33414495711424524,,
S,0.05,3.95,0.8258296613236263,0.9943722459927198,1.820201907316346,0.5462977716899516,2.477488983970879,1.022991944282843,1.942552327201212,4.5914793626026995,4.15163271388126,0.333696841391696,,
S,0.05,4.0,0.8269557823129253,0.995216836734694,1.8221726190476193,0.5461704485795952,2.480867346938776,1.0257837988511738,1.9459131042404212,4.590294544156948,4.146072491496598,0.33324992597911773,,
S,0.05,4.05,0.8280788909411291,0.9960591682058468,1.8241380591469758,0.5460437400618873,2.4842366728233873,1.0285719744334356,1.9492677331338468,4.589099632909084,4.140527142644841,0.332804206060287,,
S,0.05,4.1000000000000005,0.8291989992791419,0.9968992494593564,1.8260982487384982,0.5459176416975551,2.4875969978374255,1.0313564706082952,1.9526162271452558,4.587894722374423,4.134996607725904,0.3323596768447123,,
S,0.05,4.15,0.8303161193334603,0.9977370895000952,1.8280532088335555,0.5457921490899772,2.490948358000381,1.0341372870374657,1.955958599528242,4.5866799052865055,4.129480827457707,0.33191633356746286,,
S,0.05,4.2,0.8314302630466041,0.998572697284953,1.830002960331557,0.5456672578846721,2.494290789139812,1.0369144234646175,1.9592948635258929,4.585455273604194,4.123979742874059,0.33147417148899816,,
S,0.05,4.25,0.83254144229754,0.999406081723155,1.831947524020695,0.5455429637687946,2.49762432689262,1.0396878797143025,1.9626250323704593,4.584220918518684,4.118493295322563,0.3310331858949994,,
S,0.05,4.3,0.8336496689021046,1.0002372516765785,1.8338869205786832,0.54541926247064,2.5009490067063136,1.042457655690883,1.9659491192830298,4.582976930460458,4.1130214264625256,0.33059337209620193,,
S,0.05,4.3500000000000005,0.8347549546134244,1.0010662159600683,1.8358211705734928,0.5452961497591537,2.504264863840273,1.04522375137749,1.9692671374732198,4.581723399106146,4.107564078262885,0.3301547254282281,,
S,0.05,4.4,0.8358573111223287,1.0018929833417465,1.8377502944640751,0.54517362144345,2.5075719333669864,1.0479861668349746,1.9725791001388502,4.580460413385346,4.102121193000167,0.32971724125142393,,
S,0.05,4.45,0.8369567500577646,1.0027175625433236,1.8396743126010882,0.5450516733723352,2.510870250173294,1.0507449022008832,1.9758850204656477,4.579188061487364,4.096692713256454,0.3292809149506942,,
S,0.05,4.5,0.8380532829872038,1.0035399622404029,1.8415932452276067,0.5449303014338397,2.5141598489616115,1.0534999576884458,1.9791849116269384,4.57790643086787,4.091278581917348,0.32884574193534083,,
S,0.05,4.55,0.8391469214170489,1.0043601910627866,1.8435071124798355,0.5448095015547559,2.517440764251147,1.0562513335855663,1.9824787867833544,4.576615608255516,4.085878742169987,0.3284117176389018,,
S,0.05,4.6000000000000005,0.8402376767930372,1.0051782575947779,1.8454159343878151,0.5446892697001819,2.5207130303791114,1.0589990302538406,1.9857666590825471,4.575315679658467,4.080493137501047,0.3279788375189911,,
S,0.05,4.65,0.8413255605006373,1.005994170375478,1.8473197308761153,0.5445696018730727,2.523976681501912,1.0617430481275674,1.9890485416588923,4.574006730370874,4.07512171169477,0.32754709705714075,,
S,0.05,4.7,0.842410583865448,1.006807937899086,1.8492185217645338,0.5444504941137971,2.527231751596344,1.0644833877127875,1.9923244476332194,4.572688844979285,4.069764408831017,0.32711649175864327,,
S,0.05,4.75,0.8434927581535896,1.0076195686151923,1.851112326768782,0.544331942499701,2.530478274460769,1.0672200495863247,1.9955943901125321,4.571362107368984,4.064421173283318,0.32668701715239556,,
S,0.05,4.800000000000001,0.8445720945720946,1.008429070929071,1.8530011655011656,0.5442139431446767,2.533716283716284,1.0699530343948427,1.9988583821897388,4.570026600730272,4.05909194971695,0.32625866879074467,,
S,0.05,4.8500000000000005,0.845648604269294,1.0092364532019706,1.8548850574712645,0.5440964921987386,2.536945812807882,1.0726823428539078,2.002116436943387,4.56868240756469,4.053776683087028,0.3258314422493338,,
S,0.05,4.9,0.8467222983352016,1.0100417237514012,1.8567640220866028,0.5439795858476038,2.540166895005605,1.0754079757470696,2.0053685674374035,4.5673296096911695,4.0484753186366085,0.3254053331269502,,
S,0.05,4.95,0.8477931878018947,1.0108448908514212,1.8586380786533159,0.54386322031228,2.543379563405684,1.0781299339249482,2.008614786720843,4.5659682882521295,4.0431878018948115,0.32498033704537393,,
S,0.05,5.0,0.8488612836438924,1.0116459627329193,1.8605072463768115,0.5437473918486577,2.546583850931677,1.080848218304335,2.01185510782763,4.564598523719506,4.037914078674948,0.32455644964922775,,
S,0.05,5.050000000000001,0.8499265967785291,1.0124449475838968,1.8623715443624258,0.5436320967471089,2.549779790335587,1.0835628298672986,2.0150895437763188,4.563220395900739,4.0326540950726795,0.3241336666058288,,
S,0.05,5.1000000000000005,0.8509891380663279,1.0132418535497458,1.8642309916160738,0.5435173313320908,2.5529674141989838,1.0862737696603073,2.018318107569849,4.561833983944673,4.027407797464171,0.3237119836050407,,
S,0.05,5.15,0.8520489183113696,1.0140366887335273,1.866085607044897,0.543403091961756,2.556146754934109,1.0889810387933627,2.0215408121953127,4.560439366347425,4.02217513250428,0.3232913963591268,,
S,0.05,5.2,0.8531059482616578,1.0148294611962432,1.867935409457901,0.5432893750275657,2.559317844784973,1.0916846384391334,2.0247576706237145,4.559036620958174,4.016956047124732,0.3228719006026054,,
S,0.05,5.25,0.8541602386094826,1.015620178957112,1.8697804175665946,0.543176176953912,2.562480715828448,1.0943845698321124,2.027968695809752,4.557625824984911,4.011750488532345,0.32245349209210533,,
S,0.05,5.300000000000001,0.8552117999917828,1.016408849993837,1.8716206499856198,0.5430634941977406,2.5656353999753483,1.0970808342677776,2.0311739006915888,4.556207055000122,4.006558404207239,0.32203616660622253,,
S,0.05,5.3500000000000005,0.856260642990501,1.0171954822428757,1.8734561252333766,0.5429513232481832,2.568781928971503,1.0997734331017592,2.0343732981906326,4.554780386946413,4.001379741901069,0.3216199199453786,,
S,0.05,5.4,0.8573067781329399,1.017980083599705,1.8752868617326448,0.5428396606261917,2.5719203343988197,1.1024623677490228,2.0375669012113247,4.553345896142087,3.996214449635276,0.3212047479316798,,
S,0.05,5.45,0.8583502158921155,1.0187626619190866,1.877112877811202,0.5427285028841791,2.5750506476763464,1.1051476396830617,2.040754722640926,4.551903657286664,3.991062475699347,0.32079064640877686,,
S,0.05,5.5,0.859390966687104,1.019543225015328,1.878934191702432,0.5426178466056643,2.578172900061312,1.1078292504350926,2.0439367753493114,4.550453744466344,3.9859237686490907,0.320377611241727,,
S,0.05,5.550000000000001,0.8604290408833916,1.0203217806625435,1.8807508215459352,0.5425076884049221,2.5812871226501746,1.1105072015932693,2.047113072188767,4.548996231159417,3.980798277304921,0.3199656383168555,,
S,0.05,5.6000000000000005,0.861464448793216,1.021098336594912,1.882562785388128,0.5423980249266386,2.584393346379648,1.1131814948018992,2.050283625993792,4.547531190241624,3.9756859507501625,0.31955472354161973,,
S,0.05,5.65,0.8624972006759094,1.021872900506932,1.8843701011828413,0.5422888528455692,2.587491602027728,1.1158521317606698,2.0534484495809004,4.546058693991465,3.9705867383293634,0.3191448628444737,,
S,0.05,5.7,0.8635273067382375,1.0226454800536782,1.8861727867919158,0.5421801688662032,2.5905819202147127,1.1185191142238913,2.056607555748436,4.544578814095442,3.965500589646619,0.31873605217473266,,
S,0.05,5.75,0.8645547771347345,1.023416082851051,1.8879708599857854,0.5420719697224333,2.5936643314042036,1.1211824439997358,2.0597609572763784,4.543091621653276,3.9604274545639155,0.31832828750244085,,
S,0.05,5.800000000000001,0.8655796219680377,1.0241847164760283,1.889764338444066,0.5419642521772259,2.596738865904113,1.1238421229494966,2.0629086669261647,4.54159718718305,3.955367283199481,0.3179215648182384,,
S,0.05,5.8500000000000005,0.8666018512892185,1.024951388466914,1.8915532397561323,0.5418570130223008,2.5998055538676557,1.1264981529868512,2.066050697440509,4.5400955806263115,3.9503200259261506,0.31751588013322996,,
S,0.05,5.9,0.8676214750981105,1.025716106323583,1.8933375814216933,0.5417502490778111,2.6028644252943316,1.1291505360771321,2.0691870615432233,4.5385868713531305,3.9452856333697444,0.3171112294788547,,
S,0.05,5.95,0.8686385033436371,1.0264788775077278,1.895117380851365,0.5416439571920295,2.6059155100309113,1.1317992742366108,2.0723177719390495,4.537071128167096,3.940264056407459,0.3167076089067559,,
S,0.05,6.0,0.8696529459241326,1.0272397094430994,1.8968926553672318,0.5415381342410381,2.6089588377723976,1.1344443695317836,2.075442841313486,4.535548419310269,3.9352552461662627,0.3163050144886541,,
S,0.05,6.050000000000001,0.8706648126876649,1.0279986095157487,1.8986634222034136,0.5414327771284225,2.611994438062995,1.13708582407867,2.0785622823326255,4.5340188124681,3.93025915402132,0.3159034423162183,,
S,0.05,6.1000000000000005,0.8716741134323551,1.0287555850742662,1.9004296985066214,0.541327882784969,2.6150223402970654,1.1397236400421238,2.0816761076429917,4.5324823747742755,3.9252757315944127,0.31550288850093994,,
S,0.05,6.15,0.8726808579066917,1.0295106434300187,1.9021915013367106,0.5412234481683678,2.618042573720075,1.1423578196351392,2.084784329871382,4.530939172815538,3.9203049307523776,0.3151033491740075,,
S,0.05,6.2,0.8736850558098449,1.0302637918573838,1.9039488476672286,0.541119470262918,2.621055167429535,1.144988365118178,2.0878869616247093,4.529389272636445,3.9153467036055565,0.3147048204861821,,
S,0.05,6.25,0.87468671679198,1.0310150375939848,1.905701754385965,0.5410159460792372,2.6240601503759398,1.1476152787984997,2.090984015489852,4.527832739744097,3.9104010025062657,0.3143072986076732,,
S,0.05,6.300000000000001,0.8756858504545636,1.0317643878409228,1.9074502382954863,0.5409128726539761,2.627057551363691,1.1502385630294985,2.0940755040335084,4.526269639112803,3.9054677800472586,0.3139107797280168,,
S,0.05,6.3500000000000005,0.8766824663506729,1.0325118497630048,1.9091943161136777,0.5408102470495343,2.630047399052019,1.1528582202100481,2.0971614398020435,4.5247000351887126,3.900546989060219,0.3135152600559529,,
S,0.05,6.4,0.8776765739852989,1.0332574304889741,1.910934004474273,0.5407080663537823,2.6330297219558965,1.1554742527838573,2.1002418353213543,4.523123991894402,3.8956385826142537,0.3131207358193053,,
S,0.05,6.45,0.8786681828156482,1.0340011371117361,1.9126693199273843,0.5406063276797856,2.6360045484469445,1.15808666323883,2.1033167030967266,4.521541572633413,3.890742514014404,0.3127272032648613,,
S,0.05,6.5,0.8796573022514446,1.0347429766885834,1.914400278940028,0.5405050281655326,2.6389719067543336,1.1606954541064336,2.1063860556127003,4.519952840294747,3.88585873680016,0.31233465865825266,,
S,0.05,6.550000000000001,0.8806439416552246,1.0354829562414185,1.916126897896643,0.5404041649736672,2.641931824965674,1.163300627961076,2.1094499053329345,4.518357857257321,3.880987204743995,0.31194309828383776,,
S,0.05,6.6000000000000005,0.8816281103426346,1.0362210827569758,1.9178491930996104,0.5403037352912221,2.6448843310279035,1.1659021874194868,2.1125082647000784,4.516756685394385,3.876127871849909,0.31155251844458426,,
S,0.05,6.65,0.8826098175827229,1.0369573631870423,1.9195671807697652,0.5402037363293596,2.647829452748169,1.1685001351401112,2.115561146135647,4.515149386077873,3.871280692351972,0.3111629154619524,,
S,0.05,6.7,0.8835890725982317,1.0376918044486738,1.9212808770469056,0.5401041653231111,2.6507672177946953,1.1710944738225049,2.1186085620398893,4.51353602018275,3.8664456207128977,0.3107742856757801,,
S,0.05,6.75,0.8845658845658844,1.0384244134244134,1.9229902979902977,0.5400050195311243,2.653697653697653,1.1736852062067382,2.121650524791674,4.511916648091285,3.861622611622612,0.310386625444168,,
S,0.05,6.800000000000001,0.8855402626166747,1.039155196962506,1.9246954595791808,0.5399062962354101,2.656620787850024,1.176272335072814,2.124687046748369,4.510291329697297,3.856811619996836,0.3099999311433653,,
S,0.05,6.8500000000000005,0.8865122158361477,1.0398841618771106,1.9263963777132584,0.5398079927410951,2.659536647508443,1.1788558632400745,2.1277181402457215,4.508660124410365,3.8520126009756868,0.30961419916765825,,
S,0.05,6.9,0.8874817532646863,1.0406113149485146,1.928093068213201,0.5397101063761761,2.6624452597940587,1.1814357935666422,2.130743817597753,4.507023091159986,3.847225509922279,0.3092294259292559,,
S,0.05,6.95,0.8884488838977876,1.0413366629233407,1.9297855468211282,0.539612634491278,2.665346651693363,1.1840121289488368,2.1337640910966384,4.505380288399702,3.842450302421341,0.3088456078581811,,
S,0.05,7.0,0.8894136166863439,1.042060212514758,1.931473829201102,0.5395155744594147,2.6682408500590316,1.186584872320624,2.136778973012605,4.503731774111189,3.8376869342778437,0.3084627414021587,,
S,0.05,7.050000000000001,0.890375960536918,1.0427819704026886,1.9331579309396068,0.5394189236757532,2.671127881610754,1.1891540266530591,2.1397884755938272,4.502077605808294,3.8329353615156347,0.3080808230265059,,
S,0.05,7.1000000000000005,0.8913359243120168,1.0435019432340127,1.9348378675460296,0.5393226795573804,2.6740077729360503,1.191719594953736,2.142792611066321,4.500417840541052,3.828195540376085,0.3076998492140246,,
S,0.05,7.15,0.8922935168303633,1.0442201376227724,1.9365136544531358,0.5392268395430737,2.6768805504910897,1.1942815802662468,2.1457913916338436,4.498752534899657,3.823467427316748,0.3073198164648925,,
S,0.05,7.2,0.893248746867168,1.0449365601503762,1.938185307017544,0.5391314010930729,2.6797462406015042,1.1968399856696492,2.148784829477801,4.497081745018384,3.8187509790100247,0.3069407212965558,,
S,0.05,7.25,0.8942016231543953,1.0456512173657964,1.9398528405201918,0.5390363616888558,2.682604869463186,1.1993948142779325,2.1517729367571437,4.4954055265795,3.8140461523418407,0.3065625602436237,,
S,0.05,7.300000000000001,0.8951521543810305,1.0463641157857728,1.9415162701668032,0.538941718832918,2.6854564631430913,1.2019460692395003,2.1547557256082843,4.4937239348171065,3.8093529044103285,0.3061853298577621,,
S,0.05,7.3500000000000005,0.8961003491933438,1.0470752618950079,1.9431756110883516,0.5388474700485523,2.6883010475800315,1.2044937537366494,2.1577332081449985,4.492037024520974,3.804671192524531,0.30580902670758864,,
S,0.05,7.4,0.8970462161951523,1.0477846621463642,1.9448308783415165,0.5387536128796342,2.691138648585457,1.20703787098506,2.160705396458341,4.4903448500403265,3.8000009742031016,0.30543364737856954,,
S,0.05,7.45,0.8979897639480803,1.04849232296106,1.9464820869091404,0.5386601448904074,2.693969291844241,1.2095784242332934,2.16367230261656,4.488647465287585,3.79534220717302,0.30505918847291535,,
S,0.05,7.5,0.8989310009718173,1.049198250728863,1.9481292517006805,0.5385670636652741,2.696793002915452,1.2121154167622898,2.1666339386650124,4.486944923742092,3.790694849368319,0.3046856466094791,,
S,0.05,7.550000000000001,0.8998699357443751,1.0499024518082813,1.9497723875526565,0.5384743668085858,2.6996098072331254,1.2146488518848788,2.169590316626081,4.485237278453785,3.786058858928814,0.30431301842365427,,
S,0.05,7.6000000000000005,0.9008065767023424,1.0506049325267568,1.9514115092290991,0.5383820519444389,2.702419730107027,1.2171787329452897,2.172541448499102,4.483524582046847,3.781434194198852,0.3039413005672735,,
S,0.05,7.65,0.9017409322411355,1.0513056991808516,1.9530466314219872,0.5382901167164708,2.7052227967234064,1.219705063318668,2.175487346260278,4.48180688672332,3.7768208137260606,0.30357048970850914,,
S,0.05,7.7,0.9026730107152526,1.0520047580364396,1.9546777687516923,0.5381985587876599,2.708019032145758,1.2222278464106078,2.1784280218626155,4.480084244266674,3.772218676260106,0.30320058253177257,,
S,0.05,7.75,0.9036028204385204,1.0527021153288902,1.9563049357674105,0.5381073758401274,2.710808461315561,1.2247470856566733,2.1813634872358403,4.4783567060453615,3.767627740751473,0.30283157573761615,,
S,0.05,7.800000000000001,0.9045303696843404,1.0533977772632555,1.9579281469475958,0.5380165655749418,2.7135911090530214,1.2272627845219344,2.184293754286334,4.476624323016326,3.7630479663502356,0.3024634660426353,,
S,0.05,7.8500000000000005,0.9054556666859379,1.0540917500144533,1.9595474167003912,0.5379261257119254,2.7163670000578137,1.2297749465005143,2.1872188348970654,4.474887145728475,3.7584793124048477,0.3020962501793702,,
S,0.05,7.9,0.9063787196366017,1.0547840397274513,1.9611627593640528,0.5378360539894642,2.719136158909805,1.232283575115128,2.190138740927523,4.473145224326139,3.7539217384609453,0.3017299248962101,,
S,0.05,7.95,0.9072995366899282,1.055474652517446,1.9627741892073742,0.5377463481643182,2.721898610069785,1.234788673916638,2.193053484213647,4.47139860855247,3.749375204260145,0.3013644869572967,,
S,0.05,8.0,0.9082181259600616,1.0561635944700463,1.964381720430108,0.5376570060114364,2.7246543778801846,1.2372902464836093,2.1959630765677765,4.469647347752837,3.744839669738864,0.30099993314242895,,
S,0.05,8.05,0.9091344955219302,1.0568508716414478,1.9659853671633778,0.5375680253237719,2.7274034865657906,1.2397882964218714,2.1988675297785756,4.467891490878166,3.7403150950271367,0.3006362602469689,,
S,0.05,8.1,0.9100486534114851,1.057536490058614,1.967585143470099,0.5374794039121007,2.7301459602344553,1.242282827364086,2.2017668556109857,4.466131086488273,3.7358014404474584,0.3002734650817474,,
S,0.05,8.15,0.9109606076259352,1.0582204557194514,1.9691810633453866,0.5373911396048417,2.732881822877806,1.24477384296932,2.204661065806167,4.464366182755136,3.731298666513611,0.2999115444729705,,
S,0.05,8.200000000000001,0.9118703661239774,1.058902774592983,1.9707731407169606,0.5373032302478802,2.7356110983719324,1.247261346922615,2.2075501720814357,4.462596827466176,3.726806733929527,0.29955049526212846,,
S,0.05,8.25,0.9127779368260329,1.0595834526195247,1.9723613894455576,0.5372156737043914,2.7383338104780988,1.249745342934584,2.210434186130225,4.460823068027457,3.7223256035881285,0.2991903143059014,,
S,0.05,8.3,0.9136833276144727,1.0602624957108544,1.973945823325327,0.5371284678546682,2.741049982843418,1.2522258347409838,2.213313119622019,4.459044951466911,3.7178552365702084,0.2988309984760703,,
S,0.05,8.35,0.9145865463338474,1.0609399097503855,1.975526456084233,0.5370416105959499,2.743759639001542,1.2547028261023119,2.2161869842023125,4.4572625244374935,3.713395594143295,0.2984725446594258,,
S,0.05,8.4,0.9154876007911151,1.0616157005933364,1.9771033013844517,0.5369550998422531,2.7464628023733453,1.2571763208034081,2.219055791492561,4.455475833220325,3.708946637760536,0.29811494975767727,,
S,0.05,8.450000000000001,0.9163864987558646,1.0622898740668985,1.978676372822763,0.5368689335242047,2.749159496267594,1.259646322653048,2.221919553090134,4.453684923727798,3.7045083290595855,0.2977582106873649,,
S,0.05,8.5,0.9172832479605387,1.062962435970404,1.9802456839309426,0.5367831095888771,2.7518497438816163,1.2621128354835531,2.22477828056827,4.451889841506673,3.700080629861506,0.2974023243797705,,
S,0.05,8.55,0.9181778561006576,1.0636333920754932,1.9818112481761507,0.5366976259996248,2.754533568301973,1.2645758631503998,2.2276319854760396,4.450090631741114,3.695663502169669,0.2970472877808292,,
S,0.05,8.6,0.9190703308350368,1.0643027481262775,1.9833730789613142,0.5366124807359235,2.7572109925051103,1.267035409531836,2.2304806793382927,4.44828733925573,3.691256908168673,0.29669309785104286,,
S,0.05,8.65,0.9199606797860073,1.0649705098395055,1.9849311896255126,0.5365276717932113,2.759882039358022,1.2694914785284992,2.2333243736556323,4.4464800085185585,3.686860810223255,0.29633975156539255,,
S,0.05,8.700000000000001,0.9208489105396321,1.0656366829047241,1.9864855934443564,0.5364431971827304,2.7625467316188965,1.2719440740630412,2.236163079904367,4.444668683644051,3.6824751708772325,0.2959872459132529,,
S,0.05,8.75,0.9217350306459217,1.0663012729844412,1.9880363036303628,0.5363590549313729,2.765205091937765,1.274393200079757,2.2389968095364794,4.442853408396003,3.6780999528524285,0.2956355778983065,,
S,0.05,8.8,0.9226190476190476,1.0669642857142856,1.989583333333333,0.5362752430815259,2.767857142857143,1.2768388605442178,2.2418255739795914,4.441034226190475,3.673735119047618,0.2952847445384588,,
S,0.05,8.85,0.9235009689375553,1.0676257267031666,1.9911266956407219,0.5361917596909205,2.770502906812666,1.279281059442905,2.244649384636929,4.439211180098691,3.6693806325374876,0.29493474286575416,,
S,0.05,8.9,0.9243808020445746,1.068285601533431,1.9926664035780055,0.5361086028324819,2.773142406133724,1.281719800782857,2.247468252887289,4.437384312849883,3.665036456571578,0.294585569926292,,
S,0.05,8.950000000000001,0.9252585543480304,1.0689439157610228,1.994202470109053,0.5360257705941802,2.775775663044091,1.2841550885913107,2.250282190085017,4.435553666834144,3.6607025545732674,0.2942372227801433,,
S,0.05,9.0,0.9261342332208473,1.0696006749156355,1.9957349081364828,0.5359432610788849,2.778402699662542,1.2865869269153503,2.2530912075599656,4.433719284105235,3.6563788901387326,0.2938896985012693,,
S,0.05,9.05,0.9270078460011608,1.0702558845008707,1.9972637305020315,0.5358610724042195,2.7810235380034825,1.289015319821568,2.255895316617482,4.431881206383364,3.652065427035935,0.2935429941774377,,
S,0.05,9.1,0.9278793999925187,1.070909549994389,1.9987889499869076,0.5357792027024182,2.783638199977556,1.2914402713957147,2.2586945285383697,4.430039475057953,3.6477621292036053,0.2931971069101429,,
S,0.05,9.15,0.928748902464085,1.0715616768480638,2.0003105793121487,0.5356976501201849,2.786246707392255,1.2938617857423638,2.2614888545788685,4.4281941311903745,3.643468960750247,0.2928520338145248,,
S,0.05,9.200000000000001,0.9296163606508435,1.0722122704881327,2.0018286311389764,0.535616412818553,2.7888490819525305,1.2962798669845788,2.2642783059706333,4.4263452155166565,3.639185885953127,0.2925077720192883,,
S,0.05,9.25,0.9304817817537976,1.072861336315348,2.0033431180691457,0.5355354889727473,2.7914453452613928,1.298694519263583,2.2670628939207087,4.4244927684501665,3.634912869257291,0.29216431866662373,,
S,0.05,9.3,0.931345172940169,1.0735088797051269,2.004854052645296,0.5354548767720474,2.794035518820507,1.3011057467384304,2.269842629611513,4.422636830084285,3.6306498752745826,0.2918216709121282,,
S,0.05,9.35,0.9322065413435973,1.0741549060076978,2.006361447351295,0.5353745744196525,2.7966196240307917,1.3035135535856879,2.272617524200812,4.420777440195022,3.6263968687826558,0.2914798259247262,,
S,0.05,9.4,0.9330658940643342,1.0747994205482505,2.0078653146125847,0.5352945801325483,2.7991976821930025,1.3059179439991129,2.27538758882171,4.418914638243653,3.622153814724017,0.2911387808865927,,
S,0.05,9.450000000000001,0.9339232381694398,1.0754424286270798,2.0093656667965196,0.5352148921413743,2.8017697145083194,1.3083189221893385,2.2781528345826234,4.417048463379294,3.6179206782050564,0.2907985329930752,,
S,0.05,9.5,0.9347785806929775,1.0760839355197331,2.0108625162127107,0.5351355086902938,2.8043357420789325,1.3107164923835661,2.280913272567274,4.415178954441472,3.61369742449509,0.2904590794526163,,
S,0.05,9.55,0.9356319286362037,1.0767239464771527,2.0123558751133563,0.5350564280368654,2.806895785908611,1.3131106588252532,2.283668913834669,4.413306149962667,3.60948401902541,0.29012041748667855,,
S,0.05,9.600000000000001,0.9364832889677611,1.0773624667258208,2.013845755693582,0.5349776484519143,2.8094498669032832,1.3155014257738127,2.2864197694190906,4.4114300881708335,3.605280427388346,0.2897825443296676,,
S,0.05,9.65,0.937332668623867,1.0779995014679002,2.0153321700917672,0.5348991682194078,2.811998005871601,1.31788879750431,2.289165850330083,4.4095508069919,3.601086615336324,0.28944545722885756,,
S,0.05,9.700000000000001,0.9381800745085019,1.0786350558813764,2.0168151303898783,0.5348209856363292,2.8145402235255057,1.320272778307167,2.29190716755244,4.407668344052241,3.596902548780937,0.28910915344431604,,
S,0.05,9.75,0.9390255134935986,1.079269135120199,2.018294648613798,0.5347430990125556,2.817076540480796,1.3226533724878748,2.2946437320462048,4.405782736681128,3.592728193792024,0.28877363024882935,,
S,0.05,9.8,0.9398689924192243,1.079901744314418,2.0197707367336424,0.5346655066707358,2.819606977257673,1.3250305843666919,2.2973755547466457,4.403894021913164,3.588563516596747,0.28843888492782993,,
S,0.05,9.850000000000001,0.9407105180937677,1.0805328885703258,2.0212434066640936,0.5345882069461698,2.8221315542813032,1.3274044182783673,2.300102646564264,4.402002236490693,3.584408483578688,0.2881049147793222,,
S,0.05,9.9,0.941550097294122,1.0811625729705914,2.0227126702647134,0.5345111981866901,2.824650291882366,1.329774878571856,2.3028250183847785,4.4001074168661845,3.580263061276939,0.2877717171138103,,
S,0.05,9.950000000000001,0.9423877367658654,1.0817908025743992,2.0241785393402645,0.5344344787525436,2.8271632102975963,1.3321419696100354,2.3055426810691255,4.398209599204601,3.5761272163852063,0.28743928925422557,,
S,0.05,10.0,0.9432234432234431,1.0824175824175823,2.0256410256410255,0.5343580470162749,2.8296703296703294,1.3345056957694317,2.308255645453447,4.396308819385743,3.5720009157509156,0.28710762853585536,,
S,0.15,0.0,0.7261904761904763,0.9196428571428572,1.6458333333333335,0.5587703435804702,2.178571428571429,0.7910289115646261,1.5764859693877553,4.643601190476191,4.643601190476191,0.6765548041816156,,
S,0.15,0.05,0.7308029473783971,0.9231022105337978,1.6539051579121948,0.5581349124632242,2.1924088421351913,0.8011094218454282,1.589235382184768,4.643489497301278,4.620827113985832,0.6732367089731053,,
S,0.15,0.1,0.7353703965671712,0.9265277974253784,1.6618981939925495,0.5575117662288838,2.2061111897015135,0.811154430221038,1.601907518803846,4.643158768051047,4.598275333616258,0.6699510014530076,,
S,0.15,0.15000000000000002,0.7398934797400343,0.9299201098050257,1.6698135895450599,0.5569005520301114,2.219680439220103,0.8211635420427248,1.6145028212395822,4.642615385868225,4.575942610450247,0.6666972097235602,,
S,0.15,0.2,0.7443728401980015,0.9332796301485011,1.6776524703465028,0.5563009304041029,2.2331185205940045,0.8311363878366591,1.6270217361002461,4.641865549081454,4.553825768189035,0.6634748710102703,,
S,0.15,0.25,0.7488091088648773,0.936606831648658,1.6854159405135354,0.5557125746439066,2.246427326594632,0.8410726222785176,1.6394647141818752,4.640915277119879,4.5319216916463345,0.6602835314424972,,
S,0.15,0.30000000000000004,0.7532029045835068,0.9399021784376301,1.693105083021137,0.5551351702048468,2.2596087137505205,0.850971923209547,1.6518322100636054,4.639770416215825,4.5102273252856016,0.6571227458403371,,
S,0.15,0.35000000000000003,0.7575548344035536,0.9431661258026652,1.700720960206219,0.5545684141437892,2.272664503210661,0.8608339906922933,1.6641246817232178,4.63843664490407,4.488739671799121,0.6539920775076034,,
S,0.15,0.4,0.7618654938610958,0.9463991203958219,1.7082646142569176,0.554012014589144,2.2855964815832874,0.8706585461043173,1.6763425901719706,4.636919479325745,4.467455790727506,0.6508910980306913,,
S,0.15,0.45,0.7661354672503021,0.9496016004377266,1.7157370676880288,0.5534656902396609,2.2984064017509063,0.8804453312682581,1.6884863991077834,4.6352242783446505,4.4463727971183005,0.647819387083142,,
S,0.15,0.5,0.7703653278874518,0.9527739959155889,1.7231393238030406,0.5529291698902076,2.3110959836623555,0.8901941076167117,1.700556574585917,4.633356248483329,4.425487860222374,0.6447765322357127,,
S,0.15,0.55,0.7745556383675498,0.9559167287756624,1.730472367143212,0.5524021919828505,2.3236669151026494,0.899904655390444,1.7125535847063265,4.631320448686013,4.40479820222689,0.6417621287717745,,
S,0.15,0.6000000000000001,0.7787069508137758,0.9590302131103319,1.7377371639241077,0.5518845041816782,2.3361208524413275,0.9095767728685324,1.7244778993168972,4.629121794915177,4.3843010970236485,0.6387757795078648,,
S,0.15,0.65,0.7828198071200018,0.9621148553400013,1.744934662460003,0.5513758629699149,2.348459421360005,0.919210275629095,1.7363299897318232,4.626765064588181,4.363993869011658,0.6358170946192268,,
S,0.15,0.7000000000000001,0.7868947391866007,0.9651710543899505,1.7520657935765511,0.5508760332679712,2.360684217559802,0.9288049958393225,1.7481103284644177,4.624254900860201,4.343873891932825,0.6328856914701737,,
S,0.15,0.75,0.7909322691497618,0.9681992018623213,1.7591314710120831,0.550384788071176,2.3727968074492853,0.9383607815735868,1.7598193889736722,4.621595816759379,4.323938587739718,0.6299811944491266,,
S,0.15,0.8,0.7949329096045198,0.9711996822033898,1.7661325918079096,0.5499019081060142,2.3847987288135593,0.9478774961584613,1.771457645423931,4.618792199179849,4.30418542549435,0.6271032348081714,,
S,0.15,0.8500000000000001,0.7988971638217008,0.9741728728662756,1.7730700366879764,0.5494271815037783,2.3966914914651025,0.9573550175435361,1.7830255724570656,4.615848312738092,4.284611920297019,0.624251450506994,,
S,0.15,0.9,0.8028255259589732,0.9771191444692299,1.7799446704282031,0.5489604034906115,2.4084765778769195,0.9667932376969527,1.7945236449765591,4.612768303497836,4.265215632244238,0.6214254860610562,,
S,0.15,0.9500000000000001,0.806718481266192,0.980038860949644,1.7867573422158358,0.5485013760929925,2.420155443798576,0.9761920620246469,1.8059523379429514,4.609556202568449,4.245994165414842,0.618624992393875,,
S,0.15,1.0,0.8105765062852188,0.9829323797139141,1.7935088859991328,0.5480499078577686,2.4317295188556565,0.985551408812327,1.8173121261801164,4.606215929581649,4.226945166883398,0.6158496266932784,,
S,0.15,1.05,0.8144000690443827,0.985800051783287,1.8002001208276697,0.5476058135859085,2.443200207133148,0.9948712086892428,1.8286034841918628,4.602751296051068,4.2080663257600275,0.613099052271514,,
S,0.15,1.1,0.8181896292477551,0.9886422219358163,1.8068318511835715,0.5471689140791949,2.454568887743265,1.0041514041128683,1.8398268859883755,4.599166008619093,4.189355372255875,0.6103729384290902,,
S,0.15,1.1500000000000001,0.8219456384593999,0.99145922884455,1.8134048673039498,0.5467390358991293,2.4658369153782,1.0133919488736458,1.8509828049220594,4.595463672195164,4.17081007677338,0.6076709603222313,,
S,0.15,1.2000000000000002,0.8256685402827456,0.9942514052120592,1.8199199454948047,0.5463160111373687,2.477005620848237,1.0225928076189599,1.862071713532309,4.591647792989575,4.152428249020609,0.6049927988338414,,
S,0.15,1.25,0.829358770535241,0.9970190779014307,1.8263778484366717,0.5458996771970549,2.488076311605723,1.0317539553955895,1.8730940833988385,4.587721781446648,4.134207737148913,0.6023381404478615,,
S,0.15,1.3,0.833016757418429,0.9997625680638217,1.8327793254822506,0.5454898765844376,2.4990502722552868,1.0408753772098702,1.8840503850031354,4.583688955080974,4.116146426913174,0.5997066771269229,,
S,0.15,1.35,0.8366429216835826,1.002482191262687,1.8391251129462693,0.5450864567102318,2.5099287650507476,1.049957067604862,1.8949410875976769,4.5795525412203,4.0982422408539785,0.5970981061931928,,
S,0.15,1.4000000000000001,0.8402376767930372,1.0051782575947779,1.8454159343878151,0.5446892697001819,2.5207130303791114,1.0589990302538406,1.9057666590825475,4.575315679658467,4.080493137501047,0.5945121302123161,,
S,0.15,1.4500000000000002,0.8438014290773493,1.007851071808012,1.8516525008853613,0.5442981722143391,2.531404287232048,1.0680012775694658,1.9165275658891172,4.570981425221659,4.0628971105972544,0.5919484568803587,,
S,0.15,1.5,0.8473345778884048,1.0105009334163038,1.8578355113047085,0.5439130252745873,2.5420037336652146,1.0769638303279818,1.9272242728704425,4.566552750251151,4.045452188342668,0.5894067989136665,,
S,0.15,1.55,0.8508375157486007,1.0131281368114506,1.8639656525600512,0.5435336940999833,2.552512547245802,1.0858867173078754,1.9378572431980832,4.562032547005516,4.02815643265795,0.5868868739415466,,
S,0.15,1.6,0.8543106284962159,1.015732971372162,1.8700435998683778,0.543160047949499,2.5629318854886476,1.0947699749423994,1.948426938265042,4.55742362998525,4.0110079384666015,0.5843884044016918,,
S,0.15,1.6500000000000001,0.857754295427085,1.0183157215703138,1.876070016997399,0.5427919599717826,2.573262886281255,1.103613646985423,1.9589338175945379,4.5527287381825445,3.9940048329954334,0.581911117438264,,
S,0.15,1.7000000000000002,0.8611688894326849,1.0208766670745137,1.8820455565071987,0.5424293070615738,2.5835066682980545,1.1124177841900857,1.9693783387543355,4.547950537258923,3.977145275092786,0.5794547448025584,,
S,0.15,1.75,0.8645547771347345,1.023416082851051,1.8879708599857854,0.5420719697224333,2.5936643314042036,1.1211824439997358,1.9797609572763788,4.543091621653276,3.9604274545639155,0.5770190227561754,,
S,0.15,1.8,0.8679123190164199,1.0259342392623148,1.8938465582787347,0.5417198319354649,2.6037369570492594,1.1299076902506895,1.9900821265814894,4.538154516622788,3.943849591523093,0.5746036919766211,,
S,0.15,1.85,0.8712418695503333,1.02843140216275,1.8996732717130835,0.5413727810337265,2.613725608651,1.13859359288634,2.0003422979088805,4.533141680219102,3.927409935761897,0.5722084974652704,,
S,0.15,1.9000000000000001,0.8745437773232264,1.03090783299242,1.9054516103156462,0.5410307075820444,2.6236313319696793,1.1472402276821656,2.0105419202502546,4.528055505202022,3.911106766133237,0.5698331884576235,,
S,0.15,1.9500000000000002,0.8778183851576697,1.0333637888682523,1.911182174025922,0.5406935052619617,2.6334551554730092,1.1558476759812288,2.0206814402882998,4.522898320892932,3.8949383899506724,0.567477518335787,,
S,0.15,2.0,0.881066030230708,1.035799522673031,1.9168655529037388,0.5403610707615688,2.643198090692124,1.1644160244397481,2.030761302339358,4.517672394970029,3.8789031424025455,0.5651412445431158,,
S,0.15,2.0500000000000003,0.8842870441895934,1.0382152831421951,1.9225023273317885,0.5400333036699717,2.65286113256878,1.1729453647823518,2.040781948300057,4.512379935207418,3.8629993859805496,0.5628241285009579,,
S,0.15,2.1,0.887481753264686,1.0406113149485146,1.9280930682132005,0.5397101063761763,2.662445259794058,1.181435793566642,2.050743817597753,4.507023091159985,3.847225509922278,0.5605259355274365,,
S,0.15,2.15,0.8906504783795998,1.0429878587847,1.9336383371642998,0.5393913839721715,2.671951435138799,1.1898874119567149,2.0606473471445863,4.501603955795947,3.8315799296673942,0.5582464347582141,,
S,0.15,2.2,0.893793535258668,1.045345151444001,1.9391386867026692,0.5390770441600112,2.681380605776004,1.198300325505282,2.0704929712949633,4.4961245670788585,3.816061086326995,0.5559853990691841,,
S,0.15,2.25,0.8969112345318132,1.0476834258988599,1.9445946604306732,0.5387669971627029,2.6907337035954395,1.2066746439440719,2.080281121806344,4.490586909500824,3.8006674461658387,0.5537426050010302,,
S,0.15,2.3000000000000003,0.9000038818368855,1.050002911377664,1.9500067932145497,0.5384611556387217,2.7000116455106564,1.2150104809821936,2.0900122278031414,4.484992915568574,3.785397500097046,0.5515178326856072,,
S,0.15,2.35,0.903071777919542,1.0523038334396566,1.9553756113591985,0.5381594345999801,2.709215333758626,1.223307954112144,2.0996867157435934,4.479344467244004,3.7702497631889265,0.5493108657740894,,
S,0.15,2.4000000000000004,0.9061152187307454,1.054586414048059,1.9607016327788043,0.5378617513330911,2.7183456561922363,1.2315671844232,2.1093050093894883,4.473643397340734,3.7552227741836104,0.5471214913668335,,
S,0.15,2.45,0.9091344955219302,1.0568508716414478,1.9659853671633778,0.5375680253237719,2.7274034865657906,1.2397882964218714,2.1188675297785755,4.467891490878166,3.7403150950271367,0.5449494999449179,,
S,0.15,2.5,0.9121298949379181,1.0590974212034385,1.9712273161413565,0.5372781781842408,2.736389684813754,1.247971417859186,2.1283746951995477,4.462090486394474,3.7255253104106973,0.5427946853033019,,
S,0.15,2.5500000000000003,0.9151016991076354,1.0613262743307266,1.976427973438362,0.5369921335834734,2.7453050973229063,1.256116679564522,2.1378269211694816,4.456242077219893,3.710852027322716,0.5406568444855655,,
S,0.15,2.6,0.9180501857326967,1.0635376392995224,1.9815878250322192,0.5367098171801848,2.75415055719809,1.2642242152857583,2.147224620413602,4.450347912711658,3.6962938746114773,0.5385357777201852,,
S,0.15,2.6500000000000004,0.9209756281739064,1.0657317211304298,1.9867073493043361,0.5364311565584159,2.762926884521719,1.2722941615354824,2.1565682028472564,4.444409599451848,3.6818495025580034,0.5364312883583067,,
S,0.15,2.7,0.923878295535748,1.0679087216518108,1.991787017187559,0.5361560811656049,2.7716348866072438,1.2803266574430583,2.16585807556001,4.438428702409374,3.6675175824589115,0.5343431828129651,,
S,0.15,2.75,0.9267584527488996,1.0700688395616746,1.996827292310574,0.5358845222530356,2.7802753582466986,1.2883218446123015,2.1750946428017377,4.432406746067304,3.6532968062189752,0.5322712704997258,,
S,0.15,2.8000000000000003,0.9296163606508433,1.0722122704881325,2.001828631138976,0.535616412818553,2.78884908195253,1.296279866984578,2.1842783059706328,4.4263452155166565,3.639185885953127,0.5302153637786957,,
S,0.15,2.85,0.9324522760646109,1.074339207048458,2.006791483113069,0.5353516875514498,2.797356828193833,1.30420087070711,2.193409463603019,4.420245557517773,3.62518355359765,0.5281752778978765,,
S,0.15,2.9000000000000004,0.9352664518757173,1.076449838906788,2.0117162907825055,0.5350902827794256,2.805799355627152,1.3120850040062906,2.2024885113648995,4.414109181530329,3.611288560530312,0.5261508309378192,,
S,0.15,2.95,0.9380591371073358,1.0785443528305019,2.016603489937838,0.5348321364175306,2.8141774113220075,1.3199324170658389,2.2115158420451326,4.407937460712999,3.5974996771991963,0.5241418437575464,,
S,0.15,3.0,0.9408305769937523,1.0806229327453143,2.0214535097390667,0.5345771879190055,2.8224917309812567,1.3277432619095952,2.2204918455501685,4.401731732893778,3.583815692760015,0.52214813994171,,
S,0.15,3.0500000000000003,0.9435810130521539,1.0826857597891153,2.0262667728412693,0.5343253782279384,2.8307430391564616,1.3355176922887932,2.2294169089002676,4.395493301511896,3.570235414721658,0.5201695457489494,,
S,0.15,3.1,0.9463106831527884,1.0847330123645913,2.0310436955173796,0.5340766497336586,2.838932049458365,1.3432558635736453,2.2382914162271215,4.3892234365322516,3.5567576685997735,0.5182058900614193,,
S,0.15,3.1500000000000004,0.9490198215875439,1.086764866190658,2.035784687778202,0.533830946226795,2.8470594647626317,1.3509579326490806,2.2471157487727975,4.382923375333241,3.5433812975781693,0.5162570043354564,,
S,0.15,3.2,0.9517086591369823,1.0887814943527367,2.040490153489719,0.5335882128569275,2.855125977410947,1.3586240578144695,2.255890284889957,4.376594323568847,3.530105162177816,0.5143227225533569,,
S,0.15,3.25,0.9543774231358758,1.0907830673519068,2.0451604904877825,0.5333483960917653,2.8631322694076276,1.3662543986872118,2.264615400043269,4.370237456005811,3.516928139933279,0.5124028811762306,,
S,0.15,3.3000000000000003,0.9570263375372786,1.092769753152959,2.0497960906902377,0.5331114436777882,2.871079012611836,1.3738491161100257,2.2732914668119575,4.36385391733666,3.5038491250763544,0.5104973190979099,,
S,0.15,3.35,0.9596556229751741,1.0947417172313805,2.0543973402065547,0.5328773046022889,2.8789668689255223,1.3814083720618044,2.2819188548934237,4.357444822969388,3.490867028226745,0.508605877599883,,
S,0.15,3.4000000000000004,0.9622654968257365,1.0966991226193024,2.058964619445039,0.5326459290567607,2.8867964904772094,1.3889323295719223,2.290497931107895,4.351011259794513,3.477980776089592,0.5067284003072234,,
S,0.15,3.45,0.9648561732672388,1.098642129950429,2.063498303217668,0.5324172684015718,2.8945685198017164,1.3964211526378496,2.29902905940403,4.344554286930221,3.4651893111596754,0.5048647331454944,,
S,0.15,3.5,0.967427863338644,1.100570897503983,2.067998760842627,0.5321912751318788,2.902283590015932,1.4038750061459608,2.3075126008654454,4.338074936446297,3.4524915914321124,0.5030147242985991,,
S,0.15,3.5500000000000003,0.9699807749969134,1.102485581247685,2.0724663562445986,0.5319679028447236,2.90994232499074,1.411294055795419,2.315948913718092,4.331574214067499,3.4398865901194076,0.501178224167555,,
S,0.15,3.6,0.9725151131730635,1.1043863348797975,2.076901448052861,0.5317471062072701,2.9175453395191906,1.4186784680250248,2.3243383533384643,4.325053099857022,3.4273732953746654,0.4993550853301676,,
S,0.15,3.6500000000000004,0.9750310798270035,1.1062733098702526,2.081304389697256,0.5315288409261318,2.9250932394810105,1.4260284099429188,2.332681272262568,4.318512548880686,3.414950710020836,0.4975451625015822,,
S,0.15,3.7,0.9775288740011865,1.1081466555008899,2.085675529502076,0.5313130637177507,2.9325866220035595,1.4333440492590412,2.3409780201956156,4.311953491852402,3.402617851285809,0.4957483124956882,,
S,0.15,3.75,0.9800086918730987,1.110006518904824,2.090015210777923,0.5310997322797806,2.940026075619296,1.440625554220233,2.3492289440224114,4.305376835761561,3.390373750543242,0.49396439418735955,,
S,0.15,3.8000000000000003,0.9824707268066236,1.1118530451049677,2.0943237719115912,0.5308888052634408,2.947412180419871,1.447873093547903,2.3574343878183788,4.298783464482844,3.3782174530589617,0.49219326847550515,,
S,0.15,3.85,0.9849151694023023,1.1136863770517267,2.098601546454029,0.5306802422467969,2.9547455082069067,1.4550868363781486,2.365594692861201,4.292174239369035,3.366148017742799,0.4904347982469126,,
S,0.15,3.9000000000000004,0.9873422075465208,1.1155066556598907,2.1028488632064115,0.5304740037089365,2.9620266226395624,1.4622669522042555,2.373710197643028,4.285549999827327,3.3541645169057204,0.48868884834086374,,
S,0.15,3.95,0.9897520264596507,1.117314019844738,2.1070660463043884,0.530270051005003,2.969256079378952,1.4694136108214773,2.3817812378832155,4.278911563879665,3.342266036022141,0.48695528551450423,,
S,0.15,4.0,0.9921448087431695,1.119108606557377,2.1112534153005464,0.5300683463420552,2.9764344262295084,1.4765269822740306,2.389808146541588,4.27225972870756,3.3304516734972673,0.48523397840894567,,
S,0.15,4.05,0.9945207344257834,1.1208905508193374,2.115411285245121,0.529868852755721,2.98356220327735,1.483607236804199,2.397791253832155,4.2655952711819,3.318720540439362,0.48352479751608646,,
S,0.15,4.1000000000000005,0.9968799810085799,1.1226599857564348,2.1195399667650148,0.5296715340876136,2.9906399430257395,1.4906545448034998,2.4057308872372767,4.258918948378172,3.3070717604368025,0.48182761514613,,
S,0.15,4.15,0.9992227235092345,1.1244170426319258,2.12363976614116,0.5294763549634834,2.9976681705277035,1.497669076765818,2.413627371522252,4.252231498077549,3.2955044693398214,0.48014230539578334,,
S,0.15,4.2,1.0015491345052874,1.1261618508789655,2.127710985384253,0.5292832807720766,3.004647403515862,1.5046510032424352,2.421481028750274,4.245533639254293,3.284017815046811,0.47846874411712564,,
S,0.15,4.25,1.0038593841765249,1.1278945381323937,2.131753922308919,0.5290922776446743,3.0115781525295744,1.5116004947989072,2.4292921782977714,4.238826072549826,3.2726109572950755,0.4768068088871191,,
S,0.15,4.3,1.0061536403464768,1.1296152302598577,2.1357688706063342,0.528903312435285,3.01846092103943,1.5185177219737007,2.4370611368700628,4.232109480733932,3.2612830674559383,0.4751563789777576,,
S,0.15,4.3500000000000005,1.0084320685230548,1.131324051392291,2.139756119915346,0.5287163527014701,3.0252962055691643,1.5254028552385308,2.444788218517335,4.225384529153436,3.250033328334083,0.47351733532683205,,
S,0.15,4.4,1.010694831938355,1.1330211239537662,2.1437159558921213,0.5285313666857754,3.0320844958150652,1.5322560649603498,2.452473734650911,4.2186518661687336,3.2388609339710377,0.47188956050929765,,
S,0.15,4.45,1.0129420915876404,1.1347065686907303,2.147648660278371,0.5283483232977472,3.038826274762921,1.5390775213649155,2.4601179940597824,4.211912123578554,3.2277650894526926,0.470272938709231,,
S,0.15,4.5,1.0151740062675243,1.1363805047006432,2.1515545109681673,0.5281671920965131,3.045522018802573,1.5458673945018835,2.4677213029273775,4.205165917033281,3.216745010720765,0.46866735569236123,,
S,0.15,4.55,1.0173907326133766,1.1380430494600327,2.155433782073409,0.5279879432739045,3.05217219784013,1.552625854211375,2.4752839648485807,4.198413846437184,3.2057999243881183,0.4670726987791617,,
S,0.15,4.6000000000000005,1.0195924251359676,1.1396943188519757,2.159286743987943,0.5278105476381044,3.058777275407903,1.5593530700919658,2.4828062808469378,4.191656496339873,3.1949290675578266,0.4654888568184892,,
S,0.15,4.65,1.021779236257367,1.1413344271930252,2.1631136634503925,0.5276349765977981,3.065337708772101,1.5660492114700324,2.490288549392062,4.184894436317311,3.184131687645917,0.4639157201617585,,
S,0.15,4.7,1.0239513163461225,1.1429634872595917,2.166914803605714,0.5274612021468114,3.0718539490383674,1.5727144473704358,2.497731066417214,4.17812822134266,3.1734070422076863,0.46235318063763653,,
S,0.15,4.75,1.026108813751723,1.144581610313792,2.1706904240655147,0.5272891968492173,3.0783264412551685,1.5793489464884516,2.505134125337027,4.171358392147305,3.162754398767534,0.46080113152724994,,
S,0.15,4.800000000000001,1.0282518748383762,1.1461889061287822,2.174440780967158,0.5271189338248958,3.0847556245151284,1.5859528771629534,2.512498017065389,4.164585475572282,3.1521730346521855,0.45925946753988645,,
S,0.15,4.8500000000000005,1.030380644018106,1.1477854830135796,2.1781661270316857,0.5269503867355306,3.091141932054318,1.5925264073507501,2.5198230300334323,4.157809984910433,3.141662236827269,0.4577280847891857,,
S,0.15,4.9,1.0324952637831937,1.149371447837395,2.1818667116205885,0.526783529771026,3.097485791349581,1.5990697046020896,2.52710945020766,4.151032420239536,3.1312213017371473,0.4562068807698016,,
S,0.15,4.95,1.0345958747379707,1.1509469060534778,2.1855427807914483,0.5266183376363316,3.1037876242139117,1.6055829360372398,2.5343575611081466,4.144253268746686,3.1208495351479364,0.4546957543345313,,
S,0.15,5.0,1.036682615629984,1.152511961722488,2.189194577352472,0.5264547855386577,3.1100478468899517,1.6120662683241374,2.541567643826835,4.137473005044147,3.110546251993622,0.4531946056718958,,
S,0.15,5.050000000000001,1.038755623380546,1.1540667175354096,2.1928223409159555,0.5262928491750721,3.116266870141638,1.6185198676570602,2.5487399770459094,4.130692091476953,3.1003107762252213,0.45170333628416326,,
S,0.15,5.1000000000000005,1.0408150331146813,1.155611274836011,2.1964263079506923,0.5261325047204604,3.122445099344044,1.6249438997362726,2.555874837056221,4.12391097842249,3.0901424406629268,0.4502218489658057,,
S,0.15,5.15,1.0428609781904898,1.1571457336428674,2.2000067118333573,0.5259737288158406,3.1285829345714697,1.6313385297486378,2.56297249777578,4.117130104582252,3.0800405868511236,0.4487500477823763,,
S,0.15,5.2,1.0448935902279308,1.1586701926709482,2.203563782898879,0.5258164985570192,3.1346807706837927,1.6377039223491225,2.5700332307682645,4.110349897266043,3.070004564916257,0.4472878380498027,,
S,0.15,5.25,1.0469129991370518,1.1601847493527888,2.207097748489841,0.5256607914835763,3.1407389974111557,1.6440402416432052,2.5770573052615866,4.103570772668802,3.060033733427473,0.4458351263140795,,
S,0.15,5.300000000000001,1.0489193331456634,1.1616894998592475,2.210608833004911,0.52550658556817,3.14675799943699,1.6503476511701147,2.5840449881664576,4.096793136140282,3.0501274592599543,0.44439182033136054,,
S,0.15,5.3500000000000005,1.0509127188264822,1.1631845391198616,2.214097257946344,0.5253538592061479,3.1527381564794466,1.6566263138869033,2.5909965440949696,4.0900173824477655,3.040285117460911,0.4429578290484319,,
S,0.15,5.4,1.0528932811237492,1.164669960842812,2.217563241966561,0.5252025912054571,3.1586798433712477,1.6628763921533014,2.5979122353791944,4.083243896032032,3.030506091118155,0.4415330625835642,,
S,0.15,5.45,1.0548611433793351,1.1661458575345014,2.2210070009138363,0.5250527607768409,3.164583430138005,1.6690980477173372,2.6047923220897555,4.07647305125675,3.0207897712312004,0.4401174322077328,,
S,0.15,5.5,1.056816427358345,1.1676123205187587,2.224428747877104,0.5249043475243144,3.1704492820750345,1.6752914417016835,2.6116370620544016,4.069705212651487,3.0111355565848394,0.43871085032619833,,
S,0.15,5.550000000000001,1.0587592532742354,1.1690694399556767,2.2278286932299123,0.5247573314359089,3.1762777598227063,1.6814567345907248,2.618446710876559,4.0629407351485085,3.0015428536251294,0.43731323046043774,,
S,0.15,5.6000000000000005,1.0606897398134512,1.1705173048600885,2.23120704467354,0.524611692874676,3.1820692194403537,1.68759408621829,2.6252215219538506,4.05617996431355,2.992011076337752,0.43592448723042243,,
S,0.15,5.65,1.0626080041595938,1.1719560031196954,2.234564007279289,0.5244674125699446,3.1878240124787816,1.6937036557560532,2.631961746496583,4.049423236570717,2.982539646128672,0.4345445363372308,,
S,0.15,5.7,1.0645141620171348,1.173385621512851,2.237899783529986,0.5243244716088193,3.1935424860514043,1.699785601702564,2.6386676335461994,4.042670879421679,2.9731279917070643,0.4331732945459901,,
S,0.15,5.75,1.0664083276346783,1.1748062457260087,2.241214573360687,0.5241828514279175,3.1992249829040347,1.705840081872887,2.645339429993678,4.035923211659318,2.9637755489704434,0.43181067966914155,,
S,0.15,5.800000000000001,1.068290613827789,1.1762179603708418,2.2445085741986306,0.5240425338053313,3.204871841483367,1.7118672533888313,2.651977380597886,4.029180543575982,2.9544817608919587,0.43045661055001905,,
S,0.15,5.8500000000000005,1.070161132001389,1.1776208490010418,2.247781981002431,0.5239035008528117,3.210483396004167,1.7178672726697415,2.6585817280038686,4.022443177166496,2.945246077409807,0.42911100704673694,,
S,0.15,5.9,1.0720199921717402,1.179014994128805,2.251034986300545,0.5237657350081675,3.2160599765152202,1.7238402954238463,2.665152712761093,4.015711406326055,2.9360679553187,0.42777379001637694,,
S,0.15,5.95,1.073867302988009,1.1804004772410068,2.254267780229016,0.5236292190278687,3.221601908964027,1.7297864766401108,2.6716905733415937,4.0089855170431825,2.9269468581633733,0.4264448812994741,,
S,0.15,6.0,1.075703171753441,1.181777378815081,2.257480550568522,0.5234939359798529,3.2271095152603233,1.7357059705806195,2.6781955461580864,4.002265787587819,2.917882256134052,0.42512420370478543,,
S,0.15,6.050000000000001,1.0775277044461347,1.1831457783346009,2.2606734827807355,0.523359869236523,3.232583113338404,1.7415989307734348,2.684667865581977,3.995552488694755,2.908873625963876,0.4238116809943453,,
S,0.15,6.1000000000000005,1.0793410057394355,1.1845057543045767,2.263846760044012,0.5232270024679357,3.2380230172183064,1.7474655100059244,2.691107763961308,3.9888458837424614,2.899920450828204,0.4225072378687939,,
S,0.15,6.15,1.0811431790219532,1.1858573842664648,2.267000563288418,0.5230953196351698,3.2434295370658597,1.7533058603185427,2.697515471638604,3.982146228927493,2.8910222202457714,0.42121079995297833,,
S,0.15,6.2,1.0829343264172133,1.18720074481291,2.2701350712301234,0.5229648049838721,3.24880297925164,1.7591201329990553,2.703891216968657,3.9754537734345576,2.882178429981675,0.4199222937818151,,
S,0.15,6.25,1.0847145488029468,1.18853591160221,2.2732504604051567,0.5228354430379747,3.2541436464088402,1.7649084785771705,2.7102352263361933,3.968768759602372,2.873388581952118,0.418641646786414,,
S,0.15,6.300000000000001,1.0864839458300284,1.1898629593725212,2.2763469052025496,0.5227072185935768,3.259451837490085,1.770671046819582,2.716547724173468,3.962091423085429,2.8646521841309007,0.41736878728045396,,
S,0.15,6.3500000000000005,1.088242615941074,1.1911819619558055,2.2794245778968794,0.5225801167129884,3.264727847823222,1.7764079867254075,2.722828932977764,3.9554219930117616,2.855968750457614,0.41610364444680487,,
S,0.15,6.4,1.089990656388694,1.1924929922915206,2.2824836486802145,0.5224541227189285,3.269971969166082,1.7821194465219838,2.7290790733287693,3.948760692136848,2.847337800747489,0.41484614832439665,,
S,0.15,6.45,1.0917281632534241,1.1937961224400682,2.2855242856934925,0.5223292221888759,3.275184489760272,1.7878055736610423,2.7352983639058843,3.9421077369937105,2.8387588606028853,0.4135962297953199,,
S,0.15,6.5,1.0934552314613264,1.1950914235959949,2.2885466550573215,0.5222054009495652,3.2803656943839794,1.7934665148152145,2.741487021505403,3.9354633380393635,2.830231461326368,0.4123538205721645,,
S,0.15,6.550000000000001,1.095171954801279,1.1963789661009594,2.2915509209022384,0.5220826450716253,3.285515864403837,1.7991024158748825,2.7476452610576008,3.928827699797665,2.8217551398353518,0.41111885318558183,,
S,0.15,6.6000000000000005,1.0968784259419537,1.1976588194564652,2.294537245398419,0.5219609408643555,3.290635277825861,1.8047134219453467,2.7537732956437084,3.9222010209986826,2.81332943857827,0.4098912609720712,,
S,0.15,6.65,1.0985747364484906,1.1989310523363679,2.2975057887848584,0.521840274870636,3.2957242093454715,1.8102996773443056,2.7598713365127807,3.915583494714671,2.8049539054522445,0.4086709780619848,,
S,0.15,6.7,1.1002609767988758,1.2001957325991568,2.3004567093980324,0.5217206338619672,3.300782930396627,1.8158613255996243,2.7659395930984534,3.9089753084927423,2.796628093722217,0.4074579393677459,,
S,0.15,6.75,1.1019372364000284,1.2014529273000214,2.30339016370005,0.5216020048336353,3.305811709200085,1.821398509447398,2.7719782730355806,3.9023766444843235,2.788351561941526,0.40625208057227635,,
S,0.15,6.800000000000001,1.1036036036036039,1.2027027027027029,2.3063063063063067,0.521484375,3.3108108108108114,1.8269113708302902,2.777987582176772,3.8957876795714625,2.780123873873874,0.40505333811762817,,
S,0.15,6.8500000000000005,1.105260165721514,1.2039451242911354,2.3092052900126494,0.5213677317899009,3.3157804971645417,1.8324000508961227,2.783967724608795,3.8892085854901146,2.7719445984166917,0.40386164919381834,,
S,0.15,6.9,1.1069070090411814,1.205180256780886,2.3120872658220675,0.521252062842179,3.320721027123544,1.8378646899967408,2.7899189026688846,3.8826395289504148,2.763813309525834,0.4026769517278556,,
S,0.15,6.95,1.1085442188405181,1.2064081641303885,2.3149523829709064,0.5211373560013093,3.325632656521554,1.8433054276871015,2.7958413169609093,3.8760806717540945,2.755729586141608,0.4014991843729653,,
S,0.15,7.0,1.1101718794026485,1.2076289095519863,2.317800788954635,0.5210235993131429,3.3305156382079457,1.8487224027246134,2.801735166371439,3.8695321709090487,2.747693012116089,0.4003282864979975,,
S,0.15,7.050000000000001,1.1117900740303708,1.2088425555227782,2.320632629553149,0.5209107810207545,3.3353702220911123,1.8541157530686858,2.807600648085682,3.8629941787411766,2.7397031761417114,0.3991641981770247,,
S,0.15,7.1000000000000005,1.1133988850603693,1.210049163795277,2.3234480488556466,0.5207988895603907,3.3401966551811078,1.8594856158805102,2.8134379576032984,3.856466843003531,2.731759671681094,0.39800686017911674,,
S,0.15,7.15,1.1149983938771806,1.2112487954078854,2.3262471892850662,0.5206879135575195,3.3449951816315417,1.8648321275230384,2.8192472887541067,3.8499503069828678,2.7238620968980887,0.3968562139582947,,
S,0.15,7.2,1.116588680926916,1.2124415106951871,2.3290301916221035,0.5205778418229762,3.3497660427807485,1.8701554235611657,2.825028833713655,3.8434447096036553,2.716010054590018,0.39571220164365895,,
S,0.15,7.25,1.1181698257307504,1.2136273692980628,2.3317971950288134,0.520468663349201,3.3545094771922512,1.875455638762105,2.830782783018673,3.8369501855296044,2.7082031521210865,0.39457476602968644,,
S,0.15,7.300000000000001,1.119741906898175,1.2148064301736312,2.3345483370718063,0.5203603673065716,3.3592257206945253,1.8807329070959422,2.836509325582403,3.8304668652627876,2.700441001356927,0.3934438505666952,,
S,0.15,7.3500000000000005,1.1213050021400268,1.2159787516050202,2.337283753745047,0.5202529430398207,3.3639150064200805,1.8859873617363685,2.842208648709807,3.8239948752404156,2.6927232186002845,0.3923193993514733,,
S,0.15,7.4,1.1228591882812928,1.2171443912109696,2.3400035794922625,0.5201463800645414,3.3685775648438785,1.8912191350615855,2.8478809381126435,3.817534337929308,2.6850494245277825,0.3912013571180664,,
S,0.15,7.45,1.1244045412736983,1.2183034059552735,2.3427079472289716,0.5200406680637768,3.3732136238210946,1.8964283586553736,2.8535263779244397,3.811085371918141,2.6774192441277815,0.3900896692287229,,
S,0.15,7.5,1.1259411362080765,1.2194558521560572,2.3453969883641337,0.5199357968846897,3.3778234086242294,1.901615163308301,2.859145150715311,3.8046480920075285,2.6698323066392886,0.3889842816649948,,
S,0.15,7.550000000000001,1.1274690473265354,1.2206017854949014,2.3480708328214366,0.5198317565353124,3.382407141979606,1.9067796790191074,2.8647374375066823,3.7982226092979543,2.662288245491898,0.3878851410189861,,
S,0.15,7.6000000000000005,1.1289883480344114,1.2217412610258087,2.3507296090602203,0.5197285371813728,3.3869650441032344,1.9119220349962043,2.870303417785866,3.7918090312756734,2.6547866982467605,0.3867921944847525,,
S,0.15,7.65,1.130499110912028,1.2228743331840208,2.3533734440960488,0.5196261291431957,3.391497332736084,1.9170423596593285,2.8758432695205274,3.7854074618965634,2.6473273065385294,0.3857053898498439,,
S,0.15,7.7,1.1320014077262515,1.2240010557946888,2.35600246352094,0.5195245228926774,3.3960042231787546,1.9221407806413227,2.8813571691730253,3.779018001668038,2.6399097160183,0.3846246754869901,,
S,0.15,7.75,1.1334953094418576,1.2251214820813932,2.358616791523251,0.5194237090503288,3.4004859283255726,1.9272174247900384,2.886845291714619,3.7726407477290294,2.632533576297497,0.38355000034592496,,
S,0.15,7.800000000000001,1.1349808862327033,1.2262356646745274,2.3612165509072307,0.5193236783823919,3.40494265869811,1.932272418170359,2.8923078106395597,3.766275793928106,2.6251985408926934,0.38248131394534896,,
S,0.15,7.8500000000000005,1.1364582074927179,1.2273436556195385,2.3638018631122564,0.5192244217980178,3.4093746224781536,1.9373058860663421,2.8977448979790648,3.7599232308997768,2.6179042671713715,0.3814185663650233,,
S,0.15,7.9,1.1379273418467057,1.2284455063850293,2.3663728482317348,0.5191259303465139,3.4137820255401174,1.9423179529834647,2.903156724315142,3.7535831461390052,2.610650416298556,0.3803617082379977,,
S,0.15,7.95,1.1393883571609733,1.22954126787073,2.3689296250317033,0.5190281952146532,3.41816507148292,1.9473087426509725,2.908543458794325,3.7472556240740174,2.6034366531843607,0.37931069074296664,,
S,0.15,8.0,1.1408413205537806,1.2306309904153356,2.371472310969116,0.5189312077240451,3.422523961661342,1.9522783780243413,2.91390526914126,3.740940746137383,2.5962626464323746,0.37826546559674995,,
S,0.15,8.05,1.1422862984056181,1.2317147238042137,2.374001022209832,0.5188349593285666,3.426858895216854,1.9572269812878131,2.919242321672181,3.7346385908354924,2.589128068288927,0.3772259850469004,,
S,0.15,8.1,1.143723356369317,1.2327925172769878,2.376515873646305,0.5187394416118524,3.431170069107951,1.962154673857044,2.924554781308265,3.7283492338163895,2.5820325945931635,0.3761922018644301,,
S,0.15,8.15,1.1451525593799923,1.2338644195349942,2.3790169789149864,0.518644646284841,3.4354576781399766,1.96706157638182,2.9298428115888564,3.722072747936071,2.5749759047279546,0.37516406933665875,,
S,0.15,8.200000000000001,1.1465739716648236,1.2349304787486175,2.3815044504134413,0.5185505651833769,3.4397219149944704,1.971947808748871,2.9351065746845793,3.7158092033232304,2.5679576815716016,0.37414154126017607,,
S,0.15,8.25,1.1479876567526757,1.2359907425645067,2.3839783993171824,0.5184571902658676,3.443962970258027,1.9768134900847483,2.940346231410321,3.7095586674425323,2.5609776114503315,0.3731245719339223,,
S,0.15,8.3,1.149393677483565,1.2370452581126736,2.3864389355962388,0.5183645136109902,3.448181032450695,1.9816587387587903,2.945561941238102,3.7033212051564175,2.5540353840915637,0.37211311615237774,,
S,0.15,8.35,1.1507920960179707,1.238094072013478,2.3888861680314486,0.5182725274154542,3.452376288053912,1.9864836723861514,2.9507538623098313,3.6970968787854965,2.547130692577936,0.3711071291988646,,
S,0.15,8.4,1.1521829738459934,1.239137230384495,2.3913202042304884,0.5181812239918081,3.4565489215379803,1.991288407830896,2.955922151449914,3.6908857481675645,2.540263233302073,0.3701065668389584,,
S,0.15,8.450000000000001,1.1535663717963707,1.240174778847278,2.3937411506436486,0.5180905957663007,3.460699115389112,1.996073061209164,2.961066964177789,3.684687870715253,2.5334327059220865,0.36911138531400256,,
S,0.15,8.5,1.1549423500453426,1.241206762534007,2.3961491125793497,0.5180006352767847,3.464827050136028,2.0008377478923887,2.966188454720302,3.678503301472379,2.5266388133177875,0.3681215413347307,,
S,0.15,8.55,1.1563109681253796,1.2422332260940347,2.398544194219414,0.5179113351706697,3.4689329043761385,2.005582582510579,2.9712867760239865,3.6723320931689933,2.519881261547605,0.3671369920749882,,
S,0.15,8.6,1.1576722849337662,1.2432542137003246,2.4009264986340906,0.5178226882029181,3.4730168548012985,2.01030767895565,2.9763620797672248,3.6661742962751895,2.5131597598061957,0.3661576951655568,,
S,0.15,8.65,1.159026358741052,1.244269769055789,2.4032961277968408,0.5177346872340867,3.477079076223156,2.0150131503848128,2.9814145163722925,3.6600299590536767,2.506474020382722,0.36518360868807576,,
S,0.15,8.700000000000001,1.1603732471993642,1.2452799353995232,2.405653182598887,0.517647325228409,3.4811197415980923,2.0196991092239944,2.9864442350172817,3.653899127611169,2.4998237586198053,0.36421469116906185,,
S,0.15,8.75,1.1617130073505912,1.2462847555129435,2.407997762863535,0.5175605952519202,3.4851390220517735,2.024365667171333,2.991451383647915,3.6477818459485962,2.4932086928731234,0.3632509015740219,,
S,0.15,8.8,1.163045695634435,1.2472842717258263,2.410329967360261,0.5174744904706238,3.4891370869033054,2.029012935200681,2.9964361089892497,3.641678156010185,2.486628544471644,0.3622921993016607,,
S,0.15,8.85,1.1643713678963366,1.2482785259222524,2.412649893818589,0.5173890041486942,3.4931141036890097,2.0336410235651794,3.0013985565572625,3.63558809773144,2.4800830376785057,0.36133854417817945,,
S,0.15,8.9,1.1656900793952771,1.2492675595464577,2.414957638941735,0.5173041296467223,3.4970702381858314,2.0382500418008513,3.0063388706703247,3.6295117090860085,2.4735718996524874,0.3603898964516633,,
S,0.15,8.950000000000001,1.1670018848114554,1.2502514136085916,2.417253298420047,0.517219860419996,3.5010056544343664,2.042840098730234,3.011257194460563,3.6234490261315275,2.4670948604101044,0.35944621678655925,,
S,0.15,9.0,1.1683068382538477,1.251230128690386,2.419536966944234,0.5171361900168168,3.5049205147615434,2.0474113024660543,3.01615366988512,3.617400083054402,2.4606516527882922,0.35850746625823715,,
S,0.15,9.05,1.1696049932676456,1.2522037449507342,2.4218087382183797,0.5170531120768548,3.5088149798029367,2.051963760414914,3.0210284377372867,3.611364912213599,2.454242012407666,0.3575736063476395,,
S,0.15,9.1,1.1708964028415794,1.2531723021311847,2.424068704972764,0.516970620329536,3.5126892085247383,2.056497579281025,3.0258816376575464,3.605343544183454,2.4478656776363676,0.3566445989360125,,
S,0.15,9.15,1.17218111941513,1.2541358395613473,2.4263169589764773,0.5168887085924646,3.5165433582453898,2.0610128650699604,3.030713408144491,3.5993360077955034,2.4415223895544624,0.3557204062997191,,
S,0.15,9.200000000000001,1.173459194885626,1.2550943961642194,2.4285535910498455,0.5168073707698794,3.5203775846568774,2.0655097230924317,3.0355238865656524,3.5933423301793863,2.4352118919188896,0.35480099110513263,,
S,0.15,9.25,1.1747306806152311,1.2560480104614233,2.4307786910766547,0.5167266008511401,3.5241920418456933,2.069988257968087,3.0403132091681995,3.5873625368028357,2.428933931128962,0.3538863164036101,,
S,0.15,9.3,1.1759956274378276,1.2569967205783708,2.4329923480161986,0.516646392909248,3.5279868823134826,2.0744485736293345,3.045081511089557,3.5813966515107647,2.4226882561923935,0.3529763456265418,,
S,0.15,9.35,1.1772540856657867,1.2579405642493402,2.435194649915127,0.5165667410993954,3.5317622569973603,2.078890773325181,3.049828926367897,3.5754446965634896,2.4164746186918444,0.3520710425804789,,
S,0.15,9.4,1.1785061050966437,1.2588795788224827,2.4373856839191266,0.5164876396575458,3.5355183152899308,2.083314959625092,3.0545555879525432,3.5695066926740866,2.41029277275199,0.35117037144233343,,
S,0.15,9.450000000000001,1.1797517350196616,1.2598138012647462,2.439565536284408,0.5164090828990443,3.5392552050589847,2.087721234422853,3.0592616277142586,3.5635826590449353,2.404142475007088,0.35027429675465477,,
S,0.15,9.5,1.1809910242223043,1.260743268166728,2.4417342923890324,0.5163310652172545,3.542973072666913,2.0921096989404715,3.0639471764554447,3.5576726134034216,2.3980234845690394,0.3493827834209745,,
S,0.15,9.55,1.1822240209966026,1.261668015747452,2.443892036744055,0.5162535810822254,3.5466720629898076,2.096480453732063,3.0686123639202254,3.5517765720368746,2.3919355629959416,0.3484957967012261,,
S,0.15,9.600000000000001,1.1834507731454296,1.2625880798590723,2.446038853004502,0.5161766250393851,3.5503523194362887,2.1008335986877724,3.073257318804438,3.5458945498266967,2.3858784742611077,0.3476133022072307,,
S,0.15,9.65,1.1846713279886762,1.263503495991507,2.4481748239801835,0.5161001917082595,3.5540139839660285,2.1051692330376803,3.0778821687655205,3.540026560281775,2.3798519847225785,0.34673526589825454,,
S,0.15,9.700000000000001,1.185885732369337,1.2644142992770027,2.4503000316463397,0.5160242757812199,3.557657197108011,2.109487455355738,3.0824870404323077,3.534172615571111,2.3738558630930644,0.3458616540766312,,
S,0.15,9.75,1.1870940326595034,1.2653205244946277,2.452414557154131,0.5159488720222533,3.5612820979785105,2.113788363563704,3.0870720594147194,3.5283327265557514,2.367889880410368,0.34499243338345,,
S,0.15,9.8,1.1882962747662644,1.2662222060746984,2.454518480840963,0.5158739752657586,3.5648888242987935,2.1180720549350722,3.091637350313352,3.5225069028200133,2.3619538100082353,0.3441275707943112,,
S,0.15,9.850000000000001,1.189492504137523,1.2671193781031422,2.456611882240665,0.5157995804153679,3.568477512412569,2.1223386260990322,3.0961830367289878,3.516695152701998,2.3560474274876473,0.3432670336151421,,
S,0.15,9.9,1.1906827657677197,1.2680120743257897,2.4586948400935094,0.5157256824427893,3.572048297303159,2.1265881730443996,3.100709241271984,3.510897483323464,2.35017051068855,0.34241078947807907,,
S,0.15,9.950000000000001,1.1918671042034787,1.268900328152609,2.4607674323560875,0.5156522763866747,3.5756013126104365,2.130820791123579,3.1052160855715973,3.5051139006189977,2.3443228396619906,0.34155880633740643,,
S,0.15,10.0,1.193045563549161,1.2697841726618706,2.462829736211032,0.5155793573515092,3.579136690647483,2.135036575056503,3.1097036902851825,3.4993444093645936,2.3385041966426865,0.34071105246556166,,
S,0.3,0.0,0.7261904761904763,0.9196428571428572,1.6458333333333335,0.5587703435804702,2.178571428571429,0.7910289115646261,1.4314859693877553,4.643601190476191,4.643601190476191,1.0172805384344827,,
S,0.3,0.05,0.736554582273712,0.927415936705284,1.663970518978996,0.5573511826846198,2.209663746821136,0.8137689790026035,1.4602006393098788,4.643037263327941,4.592428416690214,1.0060700436622463,,
S,0.3,0.1,0.7466927520029811,0.9350195640022358,1.681712316005217,0.5559925767941722,2.2400782560089434,0.8363250988406781,1.4885231701338624,4.641394388080357,4.542371203651947,0.9951039364227753,,
S,0.3,0.15000000000000002,0.7566122937978069,0.9424592203483552,1.699071514146162,0.554690731085543,2.2698368813934207,0.8586932446889683,1.5164587640392586,4.638742383796889,4.493393466039997,0.9843743114516695,,
S,0.3,0.2,0.7663202042304887,0.9497401531728665,1.7160603574033553,0.5534421613293131,2.298960612691466,0.8808699831177871,1.5440127170976399,4.635146616345223,4.445460658278629,0.9738736007988757,,
S,0.3,0.25,0.7758231844835364,0.9568673883626523,1.7326905728461885,0.5522436627509681,2.327469553450609,0.902852420373263,1.5711903978239254,4.630668310380544,4.398539693279206,0.9635945560272502,,
S,0.3,0.30000000000000004,0.7851276557757543,0.9638457418318157,1.7489733976075699,0.551092282564312,2.355382967327263,0.924638153795897,1.5979972280946462,4.625364837004486,4.352598866273879,0.9535302315266979,,
S,0.3,0.35000000000000003,0.7942397738316105,0.9706798303737079,1.7649196042053183,0.5499852956819362,2.3827193214948315,0.9462252275041315,1.6244386661886603,4.619289979201569,4.307607783373089,0.9436739688631567,,
S,0.3,0.4,0.8031654424623994,0.9773740818467995,1.7805395243091988,0.548920183182114,2.409496327387198,0.9676120919487327,1.650520191731749,4.612494176955231,4.263537294508569,0.9340193820883237,,
S,0.3,0.45,0.8119103263221675,0.9839327447416256,1.7958430710637932,0.5478946131739557,2.4357309789665025,0.9887975669828527,1.676247292349578,4.605024753766543,4.220359430450966,0.9245603439420123,,
S,0.3,0.5,0.8204798628963154,0.9903598971722365,1.8108397600685517,0.54690642375488,2.461439588688946,1.0097808081275346,1.7016254518540057,4.596926126138033,4.178047343616109,0.9152909728844961,,
S,0.3,0.55,0.8288792737761942,0.9966594553321456,1.8255387291083398,0.5459536077982584,2.4866378213285825,1.0305612757436267,1.7266601398059382,4.5882399974407875,4.1365752523967085,0.9062056209011681,,
S,0.3,0.6000000000000001,0.8371135752688174,1.002835181451613,1.8399487567204305,0.5450342993459725,2.511340725806452,1.0511387068490126,1.751356802314179,4.579005537453187,4.095918388776882,0.8972988620263833,,
S,0.3,0.65,0.8451875883869895,1.008890691290242,1.8540782796772315,0.5441467614117541,2.5355627651609685,1.0715130893451228,1.7757208539442049,4.569259548742865,4.056052949005906,0.8885654815374818,,
S,0.3,0.7000000000000001,0.8531059482616578,1.0148294611962432,1.867935409457901,0.5432893750275657,2.559317844784973,1.0916846384391334,1.7997576706237144,4.559036620958174,4.016956047124732,0.8800004657737739,,
S,0.3,0.75,0.8608731130150957,1.0206548347613218,1.8815279477764175,0.5424606293876887,2.582619339045287,1.111653775068453,1.8234725834433219,4.54836927400052,3.9786056711546305,0.8715989925387247,,
S,0.3,0.8,0.8684933721306175,1.0263700290979632,1.8948634012285805,0.5416591129642861,2.6054801163918526,1.1314211061522172,1.8468708732611079,4.537288090963199,3.940980641771742,0.8633564220467239,,
S,0.3,0.8500000000000001,0.8759708543518294,1.0319781407638722,1.9079489951157016,0.5408835054845327,2.6279125630554883,1.150987406510811,1.869957766028917,4.525821841644861,3.9040605733045077,0.855268288378739,,
S,0.3,0.9,0.8833095351419958,1.037482151356497,1.9207916864984926,0.5401325706733847,2.6499286054259876,1.1703536023091532,1.8927384287666102,4.513997597375682,3.867825836903062,0.8473302914137767,,
S,0.3,0.9500000000000001,0.8905132437318243,1.0428849327988683,1.9333981765306927,0.5394051496780816,2.6715397311954727,1.1895207558926635,1.9152179661178002,4.50184083783084,3.8322575257407854,0.8395382892055387,,
S,0.3,1.0,0.8975856697819314,1.0481892523364484,1.94577492211838,0.5387001551008155,2.692757009345794,1.2084900518968174,1.937401417427286,4.489375550448365,3.7973374221183795,0.8318882907758621,,
S,0.3,1.05,0.9045303696843406,1.0533977772632555,1.9579281469475962,0.5380165655749417,2.713591109053022,1.2272627845219346,1.9592937542863345,4.476624323016326,3.763047966350236,0.8243764492986083,,
S,0.3,1.1,0.9113507725256232,1.0585130793942175,1.9698638519198406,0.5373534208278327,2.73405231757687,1.2458403458745755,1.980899878497258,4.463608429946863,3.729372227321401,0.8169990556495388,,
S,0.3,1.1500000000000001,0.9180501857326965,1.0635376392995224,1.9815878250322188,0.536709817180185,2.7541505571980895,1.2642242152857581,2.0022246204136023,4.450347912711658,3.6962938746114773,0.8097525322994519,,
S,0.3,1.2000000000000002,0.9246318004207996,1.0684738503155997,1.9931056507363993,0.5360849034374204,2.773895401262399,1.282415949524114,2.0232727376164847,4.436861654874198,3.663797152088969,0.8026334275294611,,
S,0.3,1.25,0.931098696461825,1.0733240223463687,2.004422718808194,0.5354778771338985,2.793296089385475,1.3004171738293644,2.0440489138915767,4.42316745211864,3.631866852886406,0.7956384099487575,,
S,0.3,1.3,0.9374538472899127,1.0780903854674344,2.015544232757347,0.5348879810950925,2.812361541869738,1.3182295736979883,2.064557758474643,4.409282077642624,3.600488295672721,0.7887642632965641,,
S,0.3,1.35,0.9437001244600629,1.082775093345047,2.02647521780511,0.5343145002867633,2.8311003733801887,1.3358548873589073,2.084803805536751,4.395221343251804,3.569647302145106,0.7820078815112431,,
S,0.3,1.4000000000000001,0.9498403019744481,1.087380226480836,2.0372205284552845,0.5337567589235607,2.8495209059233444,1.3532948988823663,2.104791513883029,4.381000156466886,3.539330175667829,0.775366264050673,,
S,0.3,1.4500000000000002,0.9558770603901247,1.0919077952925935,2.047784855682718,0.5332141178124684,2.867631181170374,1.370551431870099,2.1245252668414647,4.366632573929354,3.509523680990427,0.7688365114490798,,
S,0.3,1.5,0.9618129907209138,1.0963597430406853,2.058172733761599,0.5326859719091382,2.885438972162741,1.3876263436792624,2.1440093723204745,4.352131851369547,3.4802150249821553,0.7624158210965073,,
S,0.3,1.55,0.9676505981453953,1.1007379486090465,2.068388546754442,0.5321717480674706,2.902951794436186,1.404521520136712,2.1632480630161037,4.337510490380147,3.4513918383237767,0.756101483228008,,
S,0.3,1.6,0.9733923055321538,1.1050442291491154,2.078436534681269,0.5316709029648459,2.9201769165964615,1.4212388707038028,2.1822454967515252,4.322780282219362,3.4230421581016564,0.7498908771105076,,
S,0.3,1.6500000000000001,0.9790404567927024,1.1092803425945268,2.0883207993872293,0.5311829211872142,2.937121370378107,1.4377803240552947,2.2010057569332613,4.307952348850823,3.3951544112526983,0.7437814674160622,,
S,0.3,1.7000000000000002,0.9845973200718331,1.1134479900538747,2.0980453101257077,0.5307073134598608,2.9537919602154994,1.4541478240389536,2.219532853110027,4.293037181411389,3.36771739881199,0.7377708007709676,,
S,0.3,1.75,0.9900650907845151,1.1175488180883864,2.1076139088729016,0.5302436150110734,2.9701952723535454,1.4703433259852252,2.2378307216214983,4.278044676283639,3.3407202809181227,0.731856502470851,,
S,0.3,1.8,0.9954458945078849,1.1215844208809136,2.1170303153887984,0.5297913840572148,2.986337683523655,1.486368793338905,2.2559032263255485,4.262984168936455,3.314152562533985,0.7260362733525059,,
S,0.3,1.85,1.0007417897363275,1.1255563423022457,2.126298132038573,0.5293502003988154,3.0022253692089826,1.5022261945870024,2.2737541593936204,4.247864465684991,3.2880040798435504,0.7203078868138153,,
S,0.3,1.9000000000000001,1.0059547705071592,1.1294660778803696,2.135420848387529,0.5289196641183105,3.017864311521478,1.5179175004591676,2.29138724216493,4.232693873510005,3.262264987287569,0.7146691859736428,,
S,0.3,1.9500000000000002,1.011086768903937,1.1333150766779527,2.1444018455818896,0.5284993943709391,3.033260306711811,1.5334446813789047,2.308806126051108,4.217480228066353,3.2369257452034788,0.7091180809640886,,
S,0.3,2.0,1.0161396574440054,1.137104743083004,2.1532444005270093,0.5280890282611189,3.048418972332016,1.548809705145631,2.326014393483729,4.202230920000833,3.2119771080368906,0.7036525463479623,,
S,0.3,2.0500000000000003,1.021115251356475,1.1408364385173564,2.161951689873831,0.5276882197973324,3.063345754069425,1.5640145348291958,2.343015558897932,4.1869529196909365,3.18741011309407,0.6982706186547736,,
S,0.3,2.1,1.0260153107564551,1.1445114830673413,2.1705267938237967,0.5272966389191935,3.078045932269365,1.5790611268599977,2.35981306974601,4.171652800507979,3.16321606980667,0.6929703940289393,,
S,0.3,2.15,1.0308415427210094,1.148131157040757,2.1789726997617667,0.5269139705909512,3.0925246281630283,1.5939514292991457,2.3764103075354948,4.156336760700686,3.1393865494816824,0.6877500259842941,,
S,0.3,2.2,1.0355956032719837,1.1516967024539877,2.1872923057259714,0.5265399139561892,3.1067868098159512,1.6086873802743962,2.3928105888867783,4.14101064398849,3.115913375511247,0.6826077232593346,,
S,0.3,2.25,1.040279099270536,1.155209324452902,2.1954884237234378,0.5261741815489627,3.120837297811608,1.6232709065686768,2.40901716660586,4.125679958947468,3.092788614018394,0.6775417477679714,,
S,0.3,2.3000000000000003,1.0448935902279308,1.1586701926709482,2.203563782898879,0.5258164985570192,3.1346807706837927,1.6377039223491225,2.425033230768264,4.110349897266043,3.070004564916257,0.6725504126408557,,
S,0.3,2.35,1.0494405900368775,1.162080442527658,2.2115210325645354,0.5254666021331393,3.1483217701106323,1.6519883280254244,2.440861909810555,4.095025350942206,3.0475537533595847,0.6676320803526512,,
S,0.3,2.4000000000000004,1.053921568627451,1.1654411764705883,2.2193627450980395,0.5251242407509663,3.1617647058823533,1.6661260092272208,2.4565062716262975,4.0797109284890425,3.0254289215686274,0.6627851609308804,,
S,0.3,2.45,1.0583379535514077,1.1687534651635558,2.2270914187149637,0.5247891736020109,3.175013860654223,1.6801188358910724,2.471969324663638,4.064410970210731,3.0036230210065917,0.6580081102422269,,
S,0.3,2.5,1.0626911314984708,1.1720183486238531,2.2347094801223237,0.5244611700307903,3.1880733944954125,1.6939686614482503,2.487254019021967,4.049129562606963,2.982129204892966,0.6532994283524203,,
S,0.3,2.5500000000000003,1.0669824497479807,1.1752368373109856,2.2422192870589663,0.5241400090053185,3.2009473492439424,1.7076773221053037,2.502363247545456,4.033870551959791,2.960940821036011,0.6486576579560375,,
S,0.3,2.6,1.0712132175590932,1.17840991316932,2.249623130728413,0.5238254786203939,3.2136396526772795,1.7212466362099579,2.517299846911449,4.018637557153234,2.9400514049686444,0.6440813828727731,,
S,0.3,2.6500000000000004,1.075384707502545,1.1815385306269086,2.2569232381294535,0.5235173756313362,3.2261541225076344,1.7346784036955007,2.532066598711989,4.003433981772652,2.919454673372852,0.6395692266069138,,
S,0.3,2.7,1.0794981567368296,1.1846236175526221,2.2641217742894515,0.5232155050160198,3.238494470210489,1.7479744055973194,2.546666230526922,3.988263025527708,2.89914451777857,0.6351198509669442,,
S,0.3,2.75,1.0835547682314732,1.1876660761736049,2.271220844405078,0.522919679563218,3.25066430469442,1.7611364036357429,2.5611014169872144,3.9731276950398837,2.8791149985237667,0.630731954742372,,
S,0.3,2.8000000000000003,1.0875557119399486,1.1906667839549614,2.27822249589491,0.5226297194854337,3.2626671358198456,1.7741661398598123,2.5753747808273015,3.9580308140327642,2.859360338963172,0.6264042724350262,,
S,0.3,2.85,1.0915021259246316,1.1936265944434736,2.285128720368105,0.5223454520545326,3.274506377773895,1.7870653363469855,2.5894888939254495,3.9429750329608657,2.839874919913797,0.6221355730422312,,
S,0.3,2.9000000000000004,1.0953951174360754,1.1965463380770567,2.291941455513132,0.5220667112586292,3.2861853523082263,1.79983569495419,2.603446278331228,3.9279628381104095,2.820653274326044,0.6179246588893943,,
S,0.3,2.95,1.0992357639487444,1.1994268229615583,2.298662586910303,0.521793337478791,3.2977072918462333,1.81247889711597,2.6172494072793144,3.912996560203282,2.80169008216974,0.6137703645096863,,
S,0.3,3.0,1.103025114155251,1.2022688356164384,2.3052939497716896,0.5215251771842406,3.309075342465753,1.8249966036858067,2.6309007061890126,3.8980783825334657,2.7829801655251147,0.6096715555686114,,
S,0.3,3.0500000000000003,1.1067641889210182,1.2050731416907636,2.311837330611782,0.5212620826448308,3.320292566763055,1.8373904548169993,2.644402553648894,3.883210348663267,2.7645184838691383,0.6056271278313812,,
S,0.3,3.1,1.110453982201194,1.2078404866508956,2.3182944688520895,0.5210039116596614,3.3313619466035824,1.8496620698797348,2.657757282386145,3.8683943697050323,2.74630012954827,0.6016360061711202,,
S,0.3,3.1500000000000004,1.1140954619215486,1.2105715964411616,2.32466705836271,0.5207505273007917,3.342286385764646,1.8618130474112835,2.670967180220205,3.8536322312123166,2.7283203234290188,0.59769714361603,,
S,0.3,3.2,1.1176895708249943,1.2132671781187456,2.33095674894374,0.5205017976710768,3.353068712474983,1.8738449650964397,2.684034491000448,3.8389255997030416,2.710574410718256,0.5938095204337376,,
S,0.3,3.25,1.1212372272852802,1.2159279204639601,2.33716514774924,0.5202575956752287,3.3637116818558406,1.8857593797755743,2.696961415527621,3.82427602883575,2.693057856945595,0.58997214325115,,
S,0.3,3.3000000000000003,1.1247393260893428,1.218554494567007,2.34329382065635,0.5200177988032646,3.374217978268028,1.897557827477863,2.7097501124589076,3.8096849652587172,2.6757662441005383,0.5861840442082135,,
S,0.3,3.35,1.128196739189705,1.2211475543922787,2.349344293581984,0.5197822889255738,3.384590217569115,1.9092418234774249,2.7224026991964863,3.795153754150514,2.6586952669174986,0.5824442801440683,,
S,0.3,3.4000000000000004,1.1316103164282618,1.2237077373211962,2.355318053749458,0.5195509520988734,3.3948309492847852,1.9208128623703065,2.7349212527595235,3.7806836444694243,2.6418407293021233,0.5787519318141564,,
S,0.3,3.45,1.1349808862327035,1.2262356646745276,2.361216550907231,0.5193236783823919,3.4049426586981104,1.9322724181703594,2.747307810639561,3.7662757939281057,2.6251985408926934,0.5751061031369228,,
S,0.3,3.5,1.1383092562867845,1.2287319422150884,2.367041198501873,0.5191003616636528,3.414927768860353,1.9436219444222584,2.7595643716393266,3.7519312737088275,2.608764713750669,0.5715059204688105,,
S,0.3,3.5500000000000003,1.1415962141755729,1.2311971606316798,2.3727933748072525,0.5188808994932789,3.424788642526719,1.9548628743300012,2.771692896695021,3.73765107293374,2.592535359174775,0.5679505319063151,,
S,0.3,3.6,1.144842528006764,1.233631896005073,2.378474424011837,0.5186651929282774,3.434527584020292,1.9659966208993769,2.783695309682142,3.7234361029037553,2.57650668463327,0.564439106613933,,
S,0.3,3.6500000000000004,1.1480489470090858,1.2360367102568144,2.3840856572659,0.5184531463833044,3.4441468410272575,1.9770245770930064,2.795573498204976,3.709287201118758,2.5606749908093063,0.5609708341768849,,
S,0.3,3.7,1.1512162021087797,1.238412151581585,2.3896283536903646,0.5182446674894333,3.453648606326339,1.9879481159966441,2.807329314369861,3.695205135091191,2.5450366687545674,0.5575449239775585,,
S,0.3,3.75,1.1543450064850844,1.2407587548638133,2.3951037613488975,0.5180396669599946,3.4630350194552535,1.9987685909955748,2.8189645755424007,3.6811906059642574,2.529588197146562,0.5541606045946597,,
S,0.3,3.8000000000000003,1.1574360561056105,1.2430770420792079,2.4005130981848186,0.5178380584630752,3.4723081683168315,2.0094873359599648,2.8304810650887857,3.6672442519454034,2.514326139645215,0.5508171232241167,,
S,0.3,3.85,1.1604900302424521,1.245367522681839,2.4058575529242914,0.5176397585002942,3.4814700907273566,2.0201056654381913,2.841880533101402,3.6533666515650283,2.499247142344559,0.5475137451208196,,
S,0.3,3.9000000000000004,1.1635075919698359,1.247630693977377,2.411138285947213,0.5174446862914985,3.4905227759095077,2.0306248748571694,2.8531646971089426,3.6395583267699068,2.484347931315602,0.5442497530603317,,
S,0.3,3.95,1.1664893886440764,1.2498670414830573,2.4163564301271334,0.517252763665043,3.499468165932229,2.041046240728846,2.8643352427712205,3.625819745860119,2.469625310236539,0.541024446819737,,
S,0.3,4.0,1.169436052366566,1.2520770392749245,2.4215130916414904,0.5170639149533439,3.5083081570996977,2.0513710208620464,2.8753938245589215,3.6121513262779037,2.4550761581067473,0.5378371426768415,,
S,0.3,4.05,1.172348200430495,1.254261150322871,2.426609350753366,0.5168780668934094,3.517044601291485,2.0616004545789295,2.8863420664185035,3.598553437256269,2.440697427041097,0.5346871729269695,,
S,0.3,4.1000000000000005,1.1752264357519662,1.2564198268139746,2.4316462625659407,0.5166951485320753,3.5256793072558983,2.0717357629354054,2.8971815624225155,3.5850264023348237,2.4264861401413356,0.5315738854166449,,
S,0.3,4.15,1.1780713472861313,1.2585535104645986,2.43662485775073,0.5165150911356869,3.534214041858394,2.081778148944841,2.9079138774055293,3.5715705017498083,2.412439389441394,0.5284966430934673,,
S,0.3,4.2,1.1808835104289652,1.2606626328217239,2.4415461432506893,0.5163378281039858,3.542650531286896,2.0917287978045542,2.9185405475860007,3.5581859747049203,2.398554333923652,0.5254548235715301,,
S,0.3,4.25,1.1836634874052336,1.2627476155539252,2.446411102959159,0.5161632948879753,3.550990462215701,2.10158887712448,2.929063081174247,3.544873021529228,2.3848281976033263,0.5224478187117666,,
S,0.3,4.3,1.1864118276432256,1.2648088707324192,2.4512206983756446,0.5159914289115511,3.559235482929677,2.1113595371576084,2.9394829589668348,3.5316318057279656,2.371258267678241,0.5194750342166162,,
S,0.3,4.3500000000000005,1.1891290681367572,1.266846801102568,2.4559758692393254,0.5158221694966982,3.5673872044102715,2.1210419110316883,2.949801634927619,3.518462455931864,2.357841892741429,0.5165358892384577,,
S,0.3,4.4,1.1918157337949606,1.2688618003462204,2.460677534141181,0.515655457792065,3.5754472013848817,2.13063711498183,2.960020536755703,3.505365067750168,2.344576481054049,0.5136298160012536,,
S,0.3,4.45,1.1944723377803281,1.270854253335246,2.4653265911155744,0.5154912367047391,3.583417013340984,2.1401462485836027,2.970141066440571,3.4923397055323906,2.3314594988762973,0.5107562594349002,,
S,0.3,4.5,1.1970993818354732,1.2728245363766049,2.469923918212078,0.515329450835058,3.5912981455064195,2.149570394986308,2.9801646008046383,3.4793864040434053,2.318488468854018,0.5079146768217817,,
S,0.3,4.55,1.1996973565990448,1.2747730174492835,2.4744703740483285,0.5151700464142983,3.5990920697971345,2.158910621146104,2.9900924920335026,3.4665051700563545,2.3056609684588834,0.5051045374550559,,
S,0.3,4.6000000000000005,1.2022667419112116,1.2767000564334088,2.4789667983446204,0.5150129712450973,3.606800225733635,2.1681679780587,2.9999260681941387,3.4536959838675383,2.29297462848006,0.5023253223082235,,
S,0.3,4.65,1.2048080071091156,1.2786060053318367,2.483414012440952,0.5148581746444656,3.614424021327347,2.177343500991358,3.009666633741274,3.440958800737252,2.280427131565408,0.49957652371554495,,
S,0.3,4.7,1.2073216113126801,1.2804912084845101,2.48781281979719,0.514705607389264,3.6219648339380406,2.1864382097139696,3.019315470012242,3.428293552260292,2.2680162108103072,0.49685764506289287,,
S,0.3,4.75,1.2098080037011334,1.28235600277585,2.492164006476983,0.5145552216640175,3.6294240111034,2.1954531087289824,3.0288738357105123,3.4157001476697033,2.2557396483923196,0.4941682004886454,,
S,0.3,4.800000000000001,1.2122676237806,1.28420071783545,2.4964683416160502,0.5144069710109532,3.6368028713418,2.2043891874999937,3.0383429673781697,3.403178475077098,2.2435952742499543,0.49150771459424214,,
S,0.3,4.8500000000000005,1.2147009016430956,1.2860256762323217,2.500726577875417,0.5142608102821506,3.644102704929287,2.213247420678824,3.0477240798576,3.3907284026527185,2.2315809648038805,0.48887572216403824,,
S,0.3,4.9,1.2171082582172448,1.2878311936629334,2.504939451880178,0.5141166955937009,3.651324774651734,2.2220287683309223,3.057018366742592,3.3783497797482607,2.2196946417190198,0.48627176789411236,,
S,0.3,4.95,1.2194901055110263,1.2896175791332698,2.509107684644296,0.5139745842817792,3.658470316533079,2.230734176158941,3.0662270008191106,3.366042437965281,2.207934270705973,0.48369540612969586,,
S,0.3,5.0,1.2218468468468466,1.291385135135135,2.5132319819819817,0.5138344348605355,3.66554054054054,2.2393645757243723,3.075351134495982,3.353806192171903,2.1962978603603602,0.48114620061090424,,
S,0.3,5.050000000000001,1.2241788770892148,1.293134157816911,2.5173130349061257,0.5136962069817169,3.6725366312676444,2.247920884667116,3.084391900225704,3.3416408414703556,2.18478346103867,0.47862372422646693,,
S,0.3,5.1000000000000005,1.2264865828652936,1.2948649371489702,2.5213515200142638,0.5135598613959409,3.679459748595881,2.256404006922877,3.0933504109156136,3.3295461701177937,2.1733891637692784,0.47612755877516594,,
S,0.3,5.15,1.2287703427785908,1.2965777570839432,2.525348099862534,0.5134253599155386,3.6863110283357723,2.264814832938323,3.102227760329658,3.3175219484026237,2.162113099197375,0.4736572947346933,,
S,0.3,5.2,1.2310305276160223,1.2982728957120169,2.529303423328039,0.5132926653788966,3.693091582848067,2.273154239883874,3.1110250234809307,3.3055679334786126,2.1509534365625544,0.4712125310376776,,
S,0.3,5.25,1.2332675005486065,1.299950625411455,2.5332181259600617,0.5131617416162251,3.6998025016458196,2.281423091864111,3.1197432570152657,3.293683870158737,2.1399083827079224,0.46879287485460036,,
S,0.3,5.300000000000001,1.2354816173259977,1.3016112129944983,2.5370928303204963,0.5130325534166889,3.7064448519779933,2.289622240125694,3.1283834995860182,3.2818694916708013,2.128976181119553,0.4663979413833756,,
S,0.3,5.3500000000000005,1.237673226465094,1.3032549198488206,2.540928146313915,0.512905066496836,3.7130196793952823,2.2977525232627745,3.1369467722203117,3.270124520376633,2.1181551109952643,0.4640273536453394,,
S,0.3,5.4,1.2398426694329183,1.3048820020746887,2.5447246715076073,0.5127792474702653,3.719528008298755,2.3058147674198173,3.145434078676896,3.2584486684566425,2.1074434863416323,0.4616807422874339,,
S,0.3,5.45,1.2419902808239798,1.3064927106179849,2.548482991441965,0.5126550638184775,3.725970842471939,2.3138097864918414,3.153846405795859,3.2468416385613987,2.0968396550982673,0.4593577453903612,,
S,0.3,5.5,1.2441163885323065,1.30808729139923,2.5522036799315364,0.5125324838628553,3.73234916559692,2.3217383823220037,3.1621847238403484,3.235303124431824,2.086341998288404,0.4570580082825016,,
S,0.3,5.550000000000001,1.2462213139183378,1.3096659854387533,2.5558872993570914,0.5124114767377212,3.7386639417550134,2.3296013448965223,3.170449986830522,3.2238328114894976,2.0759489291948734,0.45478118335939327,,
S,0.3,5.6000000000000005,1.2483053719708523,1.3112290289781394,2.5595344009489915,0.5122920123644279,3.7449161159125572,2.337399452536933,3.178643132869909,3.212430377398486,2.0656588925605823,0.45252692990857774,,
S,0.3,5.65,1.2503688714641035,1.3127766535980776,2.563145525062181,0.5121740614264304,3.7511066143923104,2.3451334720896235,3.1867650844643345,3.201095492600106,2.0554703638126552,0.45029491393963456,,
S,0.3,5.7,1.252412115110328,1.314309086332746,2.566721201443074,0.5120575953453024,3.757236345330984,2.3528041591126883,3.1948167488336354,3.1898278208218422,2.0453818483094217,0.44808480801921596,,
S,0.3,5.75,1.2544353997077853,1.315826549780839,2.570261949488624,0.5119425862576513,3.763306199123356,2.3604122580600473,3.202799018216294,3.178627019561699,2.0353918806094757,0.4458962911109193,,
S,0.3,5.800000000000001,1.2564390162844798,1.3173292622133599,2.5737682784978397,0.5118290069928941,3.7693170488534395,2.367958502462867,3.2107127701671905,3.167492740549124,2.0254990237620474,0.4437290484198268,,
S,0.3,5.8500000000000005,1.2584232502377113,1.3188174376782835,2.577240687915995,0.511716831051858,3.7752697507131336,2.375443615108267,3.2185588678486265,3.1564246301836114,2.015701868617967,0.4415827712415591,,
S,0.3,5.9,1.2603883814695964,1.3202912861021971,2.5806796675717933,0.5116060325861684,3.781165144408789,2.382868308215323,3.2263381603147874,3.145422329952041,2.005999033160536,0.4394571568156858,,
S,0.3,5.95,1.2623346845186914,1.3217510133890187,2.5840856979077103,0.5114965863783921,3.7870040535560743,2.3902332836083566,3.2340514827897957,3.1344854768257755,1.9963891618556282,0.43735190818335457,,
S,0.3,6.0,1.2642624286878568,1.3231968215158925,2.5874592502037492,0.5113884678229029,3.7927872860635703,2.3975392328875778,3.241699656939521,3.1236137036383878,1.9868709250203749,0.43526673404898386,,
S,0.3,6.050000000000001,1.2661718781684712,1.3246289086263534,2.5908007867948246,0.5112816529074398,3.7985156345054136,2.404786837597011,3.2492834911372883,3.112806639445055,1.977443018209839,0.4332013486459048,,
S,0.3,6.1000000000000005,1.2680632921611368,1.3260474691208526,2.594110761281989,0.5111761181953273,3.8041898764834103,2.4119767693898106,3.2568037807236374,3.10206390986433,1.968104161621054,0.4311554716057991,,
S,0.3,6.15,1.2699369249929695,1.327452693744727,2.5973896187376964,0.5110718408083323,3.8098107749789083,2.419109690190898,3.2642613082602647,3.0913851374032477,1.9588530995138802,0.42912882783182943,,
S,0.3,6.2,1.271793026231606,1.3288447696737045,2.6006377959053104,0.5109687984101297,3.815379078694818,2.4261862523570197,3.271656843778321,3.080769941766427,1.9496885996481126,0.4271211473753226,,
S,0.3,6.25,1.2736318407960199,1.330223880597015,2.603855721393035,0.5108669691903511,3.8208955223880596,2.4332070988341874,3.2789911450211635,3.0702179401499965,1.9406094527363185,0.42513216531590325,,
S,0.3,6.300000000000001,1.275453609064258,1.3315902067981935,2.6070438158624514,0.5107663318491954,3.8263608271927745,2.440172863312562,3.286264957681712,3.059728747521,1.931614471911892,0.42316162164495935,,
S,0.3,6.3500000000000005,1.2772585669781933,1.332943925233645,2.6102024922118385,0.5106668655825749,3.83177570093458,2.4470841703787825,3.2934790156345537,3.049301976882987,1.922702492211838,0.421209261152335,,
S,0.3,6.4,1.279046946145392,1.3342852096090438,2.613332155754436,0.5105685500677783,3.837140838436176,2.4539416356657804,3.3006340411629003,3.0389372395283845,1.9138723700737947,0.4192748333161432,,
S,0.3,6.45,1.2808189739381863,1.3356142304536398,2.616433204391826,0.5104713654496276,3.8424569218145592,2.460745866000103,3.307730745180537,3.0286341452783105,1.9051229828468716,0.4173580921956029,,
S,0.3,6.5,1.282574873590043,1.3369311551925323,2.6195060287825753,0.5103752923271093,3.847724620770129,2.4674974595467725,3.3147698274488775,3.0183923027103754,1.8964532283158306,0.4154587963268014,,
S,0.3,6.550000000000001,1.2843148642893096,1.3382361482169822,2.6225510125062916,0.5102803117404648,3.852944592867929,2.4741970059517016,3.3217519767892494,3.0082113193750297,1.8878620242381998,0.4135767086212905,,
S,0.3,6.6000000000000005,1.2860391612704285,1.3395293709528215,2.62556853222325,0.5101864051587143,3.8581174838112857,2.480845086481721,3.328677871290523,2.998090802000994,1.8793483078939253,0.4117115962674249,,
S,0.3,6.65,1.2877479759026897,1.3408109819270173,2.628558957829707,0.5100935544676045,3.8632439277080692,2.4874422741622118,3.3355481785121848,2.9880303566902686,1.8709110356471355,0.4098632306343606,,
S,0.3,6.7,1.2894415157766062,1.3420811368324546,2.6315226526090605,0.5100017419579608,3.8683245473298187,2.4939891339124074,3.3423635556829874,2.978029589103195,1.8625491825196725,0.408031387178626,,
S,0.3,6.75,1.2911199847879824,1.3433399885909867,2.634459973378969,0.5099109503144257,3.873359954363947,2.5004862226783797,3.3491246498952645,2.9680881046340364,1.854261741776003,0.4062158453531878,,
S,0.3,6.800000000000001,1.2927835832197487,1.3445876874148115,2.63737127063456,0.5098211626045731,3.878350749659246,2.506934089563739,3.3558320982950214,2.958205508577496,1.8460477245191578,0.40441638851893336,,
S,0.3,6.8500000000000005,1.2944325078216294,1.345824380866222,2.6402568886878512,0.5097323622683801,3.883297523464888,2.5133332759580886,3.3624865282678993,2.9483814062866127,1.8379061592973724,0.40263280385849687,,
S,0.3,6.9,1.2960669518877128,1.3470502139157845,2.6431171658034973,0.5096445331080457,3.8882008556631384,2.5196843156632602,3.3690885576211214,2.938615403322399,1.8298360917210836,0.40086488229235434,,
S,0.3,6.95,1.2976871053319883,1.3482653289989912,2.6459524343309795,0.5095576592781403,3.893061315995965,2.5259877350173716,3.3756387947615156,2.9289071055956075,1.8218365840899748,0.3991124183971179,,
S,0.3,7.0,1.2992931547619047,1.3494698660714284,2.648763020833333,0.5094717252760758,3.897879464285714,2.532244053016714,3.382137838869678,2.9192561195010236,1.8139067150297619,0.39737521032596995,,
S,0.3,7.050000000000001,1.3008852835500242,1.350663962662518,2.651549246212542,0.509386715932883,3.9026558506500724,2.5384537814355403,3.388586280070432,2.9096620520445438,1.8060455791384225,0.39565305973115783,,
S,0.3,7.1000000000000005,1.3024636719038136,1.3518477539278602,2.654311425831674,0.5093026164042852,3.9073910157114407,2.544617424943747,3.3949846995996005,2.900124510963463,1.7982522866415873,0.3939457716885029,,
S,0.3,7.15,1.3040284969336418,1.3530213727002314,2.657049869633873,0.5092194121620571,3.9120854908009255,2.55073548122252,3.4013336699672365,2.8906431048402,1.79052596305681,0.39225315462385035,,
S,0.3,7.2,1.3055799327190287,1.3541849495392717,2.6597648822583,0.5091370889856578,3.9167397981570864,2.556808441077936,3.4076337551173594,2.8812174432098194,1.7828657488664614,0.3905750202414096,,
S,0.3,7.25,1.3071181503732021,1.3553386127799016,2.662456763153104,0.5090556329541278,3.9213544511196066,2.5628367885525916,3.4138855105842962,2.8718471366615956,1.7752707991989807,0.3889111834539258,,
S,0.3,7.300000000000001,1.308643318106011,1.3564824885795084,2.6651258066855195,0.5089750304382427,3.9259299543180335,2.568821001035266,3.420089483645712,2.8625317969349036,1.767740283518236,0.387261462314628,,
S,0.3,7.3500000000000005,1.3101556012852449,1.3576167009639337,2.667772302249179,0.5088952680929093,3.930466803855735,2.5747615493686524,3.42624621347239,2.8532710370097085,1.7602733853207695,0.38562567795090325,,
S,0.3,7.4,1.311655162496405,1.3587413718723038,2.6703965343687086,0.508816332849801,3.934965487489215,2.580658897955206,3.43235623127486,2.8440644711918677,1.752869301840667,0.38400365449964297,,
S,0.3,7.45,1.3131421616009737,1.3598566212007301,2.672998782801704,0.5087382119102187,3.939426484802921,2.5865135048611165,3.4384200604469317,2.834911715193517,1.7455272437618587,0.38239521904421553,,
S,0.3,7.5,1.3146167557932265,1.3609625668449197,2.6755793226381464,0.5086608927381745,3.943850267379679,2.5923258219184606,3.4444382167062253,2.8258123862087374,1.7382464349376114,0.3808002015530149,,
S,0.3,7.550000000000001,1.3160790996556253,1.362059324741719,2.6781384243973445,0.5085843630536835,3.948237298966876,2.598096294825542,3.450411208231735,2.8167661029847464,1.7310261121170167,0.37921843481954315,,
S,0.3,7.6000000000000005,1.3175293452128412,1.363147008909631,2.680676354122472,0.5085086108262635,3.9525880356385232,2.603825363245466,3.4563395357985467,2.80777248588878,1.723865524678263,0.3776497544039765,,
S,0.3,7.65,1.3189676419844372,1.364225731488328,2.683193373472765,0.5084336242686294,3.9569029259533113,2.6095134609029795,3.4622236929097268,2.798831156970905,1.716763934368508,0.3760939985761794,,
S,0.3,7.7,1.320394137036258,1.3652956027771936,2.6856897398134514,0.5083593918305795,3.961182411108774,2.6151610156795866,3.4680641659254814,2.7899417400229134,1.7097206150501436,0.3745510082601186,,
S,0.3,7.75,1.321808975030557,1.366356731272918,2.688165706303475,0.5082859021930644,3.965426925091671,2.620768449706998,3.473861434189626,2.7811038606335057,1.7027348524532915,0.37302062697964267,,
S,0.3,7.800000000000001,1.3232122982749026,1.367409223706177,2.69062152198108,0.5082131442624328,3.969636894824708,2.6263361794589253,3.4796159701534597,2.7723171462398954,1.6958059439343347,0.37150270080558107,,
S,0.3,7.8500000000000005,1.3246042467698917,1.3684531850774189,2.6930574318473104,0.5081411071648496,3.973812740309675,2.6318646158412484,3.485328239497065,2.7635812261760555,1.6889331982403266,0.36999707830413475,,
S,0.3,7.9,1.3259849582557097,1.3694887186917821,2.6954736769474916,0.5080697802408775,3.977954874767129,2.637354164280594,3.4909987012481185,2.7548957317177063,1.6821159352790995,0.36850361048651314,,
S,0.3,7.95,1.327354568257568,1.370515926193176,2.6978704944507443,0.5079991530402194,3.982063704772704,2.6428052248113523,3.496627807898278,2.746260296124224,1.675353485894925,0.36702215075978656,,
S,0.3,8.0,1.3287132101300478,1.3715349075975358,2.7002481177275834,0.5079292153166142,3.9861396303901437,2.6482181921611456,3.5022160055171625,2.7376745546776062,1.6686451916495544,0.3655525548789209,,
S,0.3,8.05,1.3300610151003853,1.3725457613252892,2.7026067764256743,0.5078599570228808,3.990183045301156,2.6535934558348018,3.507763733864035,2.7291381447186334,1.6619904046085145,0.3640946808999578,,
S,0.3,8.1,1.331398112310722,1.3735485842330415,2.7049466965437636,0.5077913683061069,3.9941943369321655,2.65893140019683,3.5132714264971856,2.720650705680349,1.6553884871324784,0.3626483891343134,,
S,0.3,8.15,1.3327246288593557,1.3745434716445168,2.707268100503873,0.5077234395029767,3.998173886578067,2.664232404552461,3.5187395108811215,2.712211879118974,1.6488388116735992,0.36121354210415824,,
S,0.3,8.200000000000001,1.3340406898410133,1.37553051738076,2.7095712072217735,0.5076561611352314,4.00212206952304,2.66949684322723,3.524168408491562,2.7038213087424223,1.642340760576664,0.35979000449885706,,
S,0.3,8.25,1.335346418386177,1.3765098137896328,2.7118562321758097,0.5075895239052605,4.006039255158531,2.6747250856451856,3.5295585349183387,2.6954786404364475,1.6358937258849187,0.35837764313242954,,
S,0.3,8.3,1.3366419356994852,1.377481451774614,2.714123387474099,0.507523518691819,4.009925807098456,2.6799174964057,3.534910299966196,2.687183522288624,1.6294971091504573,0.35697632690201436,,
S,0.3,8.35,1.3379273610972404,1.3784455208229303,2.7163728819201705,0.5074581365458648,4.013782083291721,2.6850744353589375,3.540224107753599,2.6789356046101744,1.6231503212490428,0.3555859267472974,,
S,0.3,8.4,1.3392028120440376,1.3794021090330282,2.7186049210770658,0.5073933686865144,4.017608436132113,2.6901962576799874,3.5455003568095327,2.670734539955833,1.6168527821992307,0.35420631561089244,,
S,0.3,8.450000000000001,1.3404684041885513,1.3803513031414134,2.720819707329965,0.5073292064971112,4.021405212565654,2.695283313941702,3.550739440168396,2.6625799831417476,1.610603920985697,0.3528373683996319,,
S,0.3,8.5,1.3417242513984862,1.3812931885488646,2.723017439947351,0.5072656415214042,4.0251727541954585,2.7003359501862416,3.5559417454629783,2.6544715912616095,1.6044031753866403,0.35147896194676126,,
S,0.3,8.55,1.3429704657947357,1.3822278493460518,2.7251983151407875,0.5072026654598324,4.028911397384207,2.705354507995394,3.5611076550156238,2.64640902370098,1.5982499918051591,0.3501309749749915,,
S,0.3,8.6,1.344207157784744,1.383155368338558,2.727362526123302,0.5071402701659129,4.032621473354232,2.7103393245596097,3.566237545927544,2.6383919421500397,1.5921438251044933,0.3487932880604124,,
S,0.3,8.65,1.3454344360951174,1.384075827071338,2.729510263166455,0.5070784476427272,4.036303308285352,2.7152907327458795,3.5713317901664166,2.630420010614691,1.586084138447025,0.3474657835972176,,
S,0.3,8.700000000000001,1.346652407803487,1.3849893058526153,2.731641713656102,0.5070171900395051,4.039957223410461,2.720209061164394,3.576390754652218,2.6224928954262103,1.5800704031369492,0.3461483457632402,,
S,0.3,8.75,1.3478611783696532,1.38589588377724,2.733757062146893,0.5069564896483005,4.04358353510896,2.725094634234045,3.581414801341394,2.6146102652494476,1.5741020984665055,0.344840860486265,,
S,0.3,8.8,1.3490608516660234,1.3867956387495175,2.735856490415541,0.5068963389007591,4.04718255499807,2.7299477722467844,3.5864042873093647,2.6067717910896833,1.5681787115656765,0.34354321541110483,,
S,0.3,8.85,1.3502515300073696,1.3876886475055272,2.737940177512897,0.5068367303649718,4.050754590022109,2.734768791430864,3.591359564831439,2.5989771462981697,1.5622997372552787,0.34225529986741227,,
S,0.3,8.9,1.3514333141799144,1.3885749856349359,2.7400082998148503,0.5067776567424142,4.0542999425397435,2.7395580040129617,3.596280981462125,2.5912260065764836,1.5564646779033389,0.34097700483821963,,
S,0.3,8.950000000000001,1.3526063034697708,1.3894547276023281,2.742061031072099,0.5067191108649668,4.0578189104093125,2.744315718279237,3.60116888011292,2.5835180499796744,1.5506730432846738,0.33970822292917546,,
S,0.3,9.0,1.353770595690748,1.390327946768061,2.7440985424588087,0.5066610856920168,4.061311787072244,2.7490422386353233,3.6060235991285845,2.57585295691832,1.5449243504435994,0.33844884833846844,,
S,0.3,9.05,1.3549262872115415,1.3911947154086561,2.746121002620198,0.5066035743076341,4.0647788616346245,2.753737865665279,3.6108454723619436,2.5682304101595275,1.5392181235596805,0.3371987768274164,,
S,0.3,9.1,1.3560734729823238,1.3920551047367429,2.7481285777190667,0.5065465699178245,4.0682204189469715,2.758402896189512,3.6156348292472487,2.560650094826927,1.5335538938164432,0.33595790569170486,,
S,0.3,9.15,1.3572122465607472,1.3929091849205604,2.7501214314813076,0.5064900658478534,4.0716367396822415,2.763037623321705,3.6203919948721195,2.5531116983997277,1.5279311992729778,0.3347261337332602,,
S,0.3,9.200000000000001,1.3583427001373798,1.393757025103035,2.7520997252404147,0.506434055539641,4.07502810041214,2.767642336524762,3.6251172900481237,2.545614910710855,1.5223495847383537,0.33350336123273594,,
S,0.3,9.25,1.3594649245605848,1.3945986934204386,2.754063617981023,0.5063785325492245,4.0783947736817545,2.7722173216657753,3.6298110313799894,2.5381594239442467,1.5168086016487783,0.3322894899226029,,
S,0.3,9.3,1.360579009360858,1.3954342570206435,2.7560132663815016,0.5063234905442869,4.081737028082574,2.7767628610700608,3.6344735313335104,2.5307449326313303,1.5113078079474302,0.3310844229608229,,
S,0.3,9.35,1.3616850427746379,1.3962637820809785,2.7579488248556165,0.5062689233017496,4.085055128323914,2.781279233574251,3.6391050983021564,2.5233711336467346,1.505846767966892,0.32988806490509487,,
S,0.3,9.4,1.3627831117676024,1.3970873338257017,2.759870445593304,0.5062148247054266,4.088349335302807,2.785766714578484,3.643706036672415,2.5160377262032743,1.5004250523141307,0.32870032168765584,,
S,0.3,9.450000000000001,1.3638733020574618,1.3979049765430964,2.7617782786005582,0.5061611887437393,4.091619906172386,2.790225576097687,3.6482766468879095,2.508744411846242,1.4950422377579489,0.32752110059062534,,
S,0.3,9.5,1.3649556981362665,1.3987167736022,2.7636724717384666,0.5061080095074899,4.0948670944088,2.7946560868119947,3.6528172255122957,2.501490894447053,1.4896979071188514,0.3263503102218779,,
S,0.3,9.55,1.3660303832922338,1.3995227874691754,2.765553170761409,0.506055281187691,4.098091149876701,2.7990585121162903,3.657328065290981,2.494276880196265,1.4843916491612628,0.32518786049143195,,
S,0.3,9.600000000000001,1.3670974396311129,1.4003230797233346,2.7674205193544474,0.5060029980734501,4.101292318893338,2.803433114168916,3.6618094552116887,2.487102077596029,1.4791230584880477,0.3240336625883408,,
S,0.3,9.65,1.368156948097095,1.4011177110728212,2.769274659169916,0.5059511545499077,4.104470844291285,2.807780151939536,3.666261680563884,2.479966197451975,1.47389173543726,0.3228876289580747,,
S,0.3,9.700000000000001,1.3692089884932825,1.401906741369962,2.7711157298632445,0.5058997450962276,4.107626965479848,2.8120998812561977,3.670685022997091,2.4728689528645895,1.4686972859810827,0.32174967328038057,,
S,0.3,9.75,1.370253639501726,1.4026902296262944,2.7729438691280204,0.5058487642836363,4.110760918505178,2.8163925548515887,3.675079760578133,2.4658100592200998,1.463539321626895,0.32061971044760834,,
S,0.3,9.8,1.371290978703039,1.4034682340272793,2.7747592127303182,0.5057982067735128,4.113872936109117,2.8206584224085076,3.6794461678473,2.4587892341808946,1.4584174593204113,0.3194976565434933,,
S,0.3,9.850000000000001,1.3723210825956065,1.404240811946705,2.7765618945423114,0.5057480673155245,4.11696324778682,2.824897730604566,3.683784515873482,2.4518061976755177,1.4533313213508596,0.31838342882238113,,
S,0.3,9.9,1.3733440266143886,1.4050080199607915,2.77835204657518,0.5056983407458091,4.120032079843166,2.829110723156133,3.688095072308288,2.4448606718882444,1.4482805352581236,0.3172769456888867,,
S,0.3,9.950000000000001,1.3743598851493355,1.4057699138620017,2.780129799011337,0.505649021985203,4.123079655448007,2.833297640861542,3.692378101439159,2.4379523812482855,1.4432647337418225,0.31617812667797607,,
S,0.3,10.0,1.375368731563422,1.4065265486725664,2.7818952802359886,0.5056001060375107,4.126106194690266,2.837458721643564,3.696633864241523,2.4310810524186177,1.4382835545722716,0.3150868924354592,,
C,0.05,,0.7241379310344828,0.8793103448275862,1.603448275862069,0.5483870967741935,2.896551724137931,1.3109393579072535,2.267060047562426,3.390270511296076,,0.09579444402130415,0.0,1.3109393579072535
C,0.05,,0.7230906962330419,0.8794848839611596,1.6025755801942014,0.5487946371019724,2.8974244198057986,1.3108104085318142,2.2679809833485236,3.3870362803318823,,0.09565590787885891,0.2,1.3089803979893884
C,0.05,,0.7220464860404345,0.8796589189932609,1.6017054050336954,0.5492014425553838,2.8982945949663046,1.3106767358003957,2.2688994412931773,3.383812907031002,,0.09551777185455303,0.4,1.3070272779043723
C,0.05,,0.7210052873721075,0.8798324521046488,1.6008377394767561,0.5496075151203191,2.899162260523244,1.310538382159127,2.2698154313294374,3.380600337871429,,0.09538003421746277,0.6000000000000001,1.3050799716027324
C,0.05,,0.71996708721887,0.8800054854635216,1.5999725726823917,0.5500128567755207,2.9000274273176085,1.310395389683056,2.2707289633376657,3.377398519677107,,0.095242693246634,0.8,1.303138453189558
C,0.05,,0.7189318726463539,0.8801780212256076,1.5991098938719617,0.5504174694926139,2.9008901061280383,1.310247800079721,2.271640047145879,3.3742073996151776,,0.09510574723101062,1.0,1.301202696923352
C,0.05,,0.7178996307944756,0.8803500615342541,1.5982496923287297,0.5508213552361396,2.9017503076712705,1.3100956546926947,2.2725486925300946,3.371026925193244,,0.09496919446936347,1.2000000000000002,1.299272677214903
C,0.05,,0.716870348876903,0.8805216085205162,1.5973919573974191,0.5512245159635851,2.902608042602581,1.3099389945050777,2.2734549092146725,3.3678570442566675,,0.09483303327021984,1.4000000000000001,1.2973483686261549
C,0.05,,0.7158440141805291,0.8806926643032451,1.5965366784837742,0.5516269536254164,2.9034633215162255,1.3097778601429666,2.274358706872645,3.3646977049858897,,0.09469726195179372,1.6,1.2954297458691
C,0.05,,0.7148206140649466,0.8808632309891756,1.5956838450541222,0.5520286701651095,2.904316154945878,1.3096122918788762,2.2752600951260686,3.3615488558937687,,0.09456187884191641,1.8,1.2935167838046722
C,0.05,,0.7138001359619306,0.8810333106730116,1.5948334466349423,0.5524296675191815,2.9051665533650577,1.3094423296351256,2.2761590835463417,3.358410445822961,,0.09442688227796806,2.0,1.2916094574416512
C,0.05,,0.7127825673749236,0.8812029054375127,1.5939854728124363,0.5528299476172224,2.9060145271875637,1.3092680129871952,2.277055681654542,3.3552824239433043,,0.09429227060680946,2.2,1.289707741935582
C,0.05,,0.711767895878525,0.8813720173535792,1.593139913232104,0.553229512381925,2.906860086767896,1.3090893811670377,2.277949898921754,3.3521647397492482,,0.09415804218471463,2.4000000000000004,1.2878116125876973
C,0.05,,0.7107561091179855,0.8815406484803358,1.5922967575983211,0.5536283637291163,2.907703242401679,1.3089064730663615,2.2788417447693927,3.349057343057287,,0.09402419537730387,2.6,1.2859210448438532
C,0.05,,0.7097471948087062,0.8817088008652156,1.5914559956739218,0.554026503567788,2.908544004326078,1.3087193272398743,2.279731228569529,3.345960184003435,,0.0938907285594775,2.8000000000000003,1.2840360142934717
C,0.05,,0.7087411407357408,0.8818764765440432,1.5906176172797841,0.5544239338001273,2.909382382720216,1.3085279819084947,2.2806183596452088,3.3428732130407095,,0.09375764011535,3.0,1.2821564966684962
C,0.05,,0.7077379347533027,0.8820436775411162,1.589781612294419,0.5548206563215466,2.910218387705581,1.3083324749625291,2.28150314727077,3.339796380936652,,0.09362492843818482,3.2,1.2802824678423523
C,0.05,,0.7067375647842769,0.8822104058692872,1.588947970653564,0.5552166730207142,2.911052029346436,1.3081328439648126,2.282385600672158,3.3367296387708616,,0.09349259193032983,3.4000000000000004,1.2784139038289186
C,0.05,,0.7057400188197338,0.8823766635300444,1.5881166823497783,0.5556119857795835,2.9118833176502217,1.307929126153819,2.283265729027239,3.3336729379325556,,0.09336062900315299,3.6,1.2765507807815073
C,0.05,,0.7047452849184509,0.8825424525135915,1.5872877374320424,0.5560065964734239,2.9127122625679576,1.3077213584467382,2.2841435414661158,3.330626230118154,,0.093229038076979,3.8000000000000003,1.2746930749918548
C,0.05,,0.7037533512064345,0.8827077747989276,1.586461126005362,0.5564005069708491,2.913538873994638,1.3075095774425174,2.2850190470714224,3.327589467328882,,0.09309781758102617,4.0,1.2728407628891172
C,0.05,,0.7027642058764473,0.8828726323539254,1.5856368382303727,0.5567937191338483,2.9143631617696273,1.307293819424874,2.285892254878649,3.3245626018684,,0.09296696595334382,4.2,1.2709938210388791
C,0.05,,0.7017778371875418,0.8830370271354097,1.5848148643229516,0.5571862348178137,2.9151851356770484,1.3070741203652738,2.2867631738764267,3.3215455863404513,,0.09283648164075059,4.4,1.2691522261421668
C,0.05,,0.7007942334645932,0.8832009610892344,1.5839951945538275,0.5575780558715713,2.9160048054461725,1.3068505159258808,2.2876318130068425,3.3185383736465317,,0.09270636309877263,4.6000000000000005,1.267315955034474
C,0.05,,0.6998133830978405,0.8833644361503599,1.5831778192482004,0.5579691841374084,2.9168221807517996,1.3066230414624702,2.28849818116573,3.315540916983588,,0.09257660879158292,4.800000000000001,1.2654849846847913
C,0.05,,0.6988352745424293,0.8835274542429284,1.5823627287853577,0.5583596214511041,2.9176372712146423,1.3063917320273197,2.2893622872029695,3.3125531698417223,,0.09244721719194078,5.0,1.2636592921946503
C,0.05,,0.6978598963179582,0.8836900172803402,1.5815499135982984,0.5587493696419567,2.918450086401702,1.3061566223720606,2.2902241399227847,3.3095750860019346,,0.09231818678113186,5.2,1.2618388547971697
C,0.05,,0.6968872370080308,0.8838521271653282,1.580739364173359,0.5591384305328128,2.919260635826641,1.3059177469505039,2.2910837480840263,3.3066066195338744,,0.09218951604890889,5.4,1.260023649856111
C,0.05,,0.6959172852598091,0.8840137857900318,1.5799310710498409,0.5595268059400956,2.920068928950159,1.3056751399214392,2.2919411204004723,3.303647724793618,,0.09206120349343254,5.6000000000000005,1.2582136548649479
C,0.05,,0.6949500297835727,0.8841749950360712,1.579125024819644,0.5599144976738337,2.920874975180356,1.3054288351513976,2.29279626554111,3.3006983564214636,,0.09193324762121319,5.800000000000001,1.2564088474459345
C,0.05,,0.6939854593522803,0.88433575677462,1.5783212161269002,0.5603015075376884,2.9216787838730998,1.3051788662173913,2.2936491921304194,3.2977584693397475,,0.0918056469470529,6.0,1.2546092053491897
C,0.05,,0.6930235628011352,0.8844960728664775,1.5775196356676127,0.5606878373289821,2.9224803643323876,1.3049252664096225,2.2944999087486626,3.2948280187506835,,0.09167839999398786,6.2,1.2528147064517852
C,0.05,,0.6920643290271553,0.8846559451621407,1.576720274189296,0.5610734888387259,2.923279725810704,1.3046680687341612,2.295348423932162,3.291906960134217,,0.09155150529323162,6.4,1.251025328756839
C,0.05,,0.6911077469887449,0.8848153755018758,1.5759231224906207,0.5614584638516477,2.9240768775093793,1.3044073059156025,2.296194746173576,3.2889952492458985,,0.09142496138411836,6.6000000000000005,1.2492410503926248
C,0.05,,0.6901538057052714,0.8849743657157881,1.5751281714210594,0.5618427641462194,2.9248718285789406,1.3041430103996876,2.297038883922184,3.2860928421147806,,0.09129876681404693,6.800000000000001,1.2474618496116807
C,0.05,,0.6892024942566459,0.8851329176238923,1.5743354118805382,0.5622263914946842,2.925664588119462,1.3038752143559025,2.297880845584152,3.2831996950413327,,0.09117292013842536,7.0,1.2456877047899286
C,0.05,,0.6882538017829051,0.8852910330361825,1.5735448348190877,0.5626093476630842,2.9264551651809123,1.303603949680049,2.2987206395228132,3.280315764595374,,0.0910474199206155,7.2,1.2439185944258024
C,0.05,,0.6873077174837992,0.8854487137527002,1.5727564312364994,0.5629916344112873,2.9272435687635006,1.3033292479967873,2.299558274058933,3.2774410076140192,,0.09092226473187864,7.4,1.242154497139381
C,0.05,,0.6863642306183815,0.885605961563603,1.5719701921819844,0.563373253493014,2.9280298078180156,1.3030511406621557,2.3003937574709816,3.274575381199657,,0.0907974531513211,7.6000000000000005,1.2403953916715313
C,0.05,,0.6854233305046021,0.885762778249233,1.5711861087538352,0.5637542066558644,2.9288138912461648,1.3027696587660582,2.3012270979953993,3.2717188427179362,,0.09067298376584047,7.800000000000001,1.2386412568830554
C,0.05,,0.6844850065189049,0.8859191655801826,1.5704041720990873,0.564134495641345,2.9295958279009127,1.3024848331347347,2.3020583038268603,3.2688713497957638,,0.09054885517007238,8.0,1.2368920717538487
C,0.05,,0.6835492480958271,0.8860751253173622,1.5696243734131894,0.5645141221848948,2.9303756265868106,1.3021966943331966,2.302887383118537,3.266032860319342,,0.09042506596633748,8.200000000000001,1.2351478153820614
C,0.05,,0.6826160447276036,0.886230659212066,1.5688467039396696,0.5648930880159125,2.93115329606033,1.3019052726676446,2.30371434398236,3.2632033324322003,,0.09030161476458913,8.4,1.2334084669832697
C,0.05,,0.6816853859637733,0.8863857690060378,1.568071154969811,0.5652713948577817,2.931928845030189,1.3016105981878565,2.3045391944892755,3.2603827245332626,,0.09017850018236123,8.6,1.2316740058896514
C,0.05,,0.6807572614107884,0.8865404564315352,1.5672977178423237,0.5656490444278977,2.9327022821576763,1.3013127006895542,2.3053619426695056,3.257570995274918,,0.09005572084471669,8.8,1.2299444115491727
C,0.05,,0.6798316607316284,0.8866947232113953,1.5665263839430237,0.5660260384376937,2.9334736160569763,1.3010116097167437,2.306182596512799,3.2547681035611173,,0.0899332753841962,9.0,1.2282196635247766
C,0.05,,0.6789085736454157,0.8868485710590974,1.565757144704513,0.5664023785926661,2.934242855295487,1.3007073545640317,2.3070011639686885,3.2519740085454862,,0.08981116244076749,9.200000000000001,1.226499741493582
C,0.05,,0.6779879899270357,0.8870020016788274,1.564989991605863,0.5667780665924,2.935010008394137,1.3003999642789197,2.30781765294674,3.2491886696294503,,0.08968938066177506,9.4,1.2247846252460874
C,0.05,,0.6770698994067577,0.8871550167655404,1.564224916172298,0.5671531041305962,2.9357750838277017,1.3000894676640722,2.3086320713167994,3.246412046460382,,0.08956792870188998,9.600000000000001,1.2230742946853825
C,0.05,,0.6761542919698629,0.8873076180050229,1.5634619099748859,0.5675274928950945,2.936538090025114,1.2997758932795644,2.309444426909243,3.243644098929761,,0.08944680522306074,9.8,1.2213687298263651
C,0.05,,0.6752411575562702,0.887459807073955,1.5627009646302252,0.5679012345679012,2.937299035369775,1.299459269445105,2.3102547275152245,3.240884787171349,,0.0893260088944637,10.0,1.219667910794967
C,0.05,,0.6743304861601694,0.8876115856399718,1.561942071800141,0.5682743308252128,2.938057928199859,1.2991396242422353,2.3110629808869145,3.238134071559388,,0.08920553839245456,10.200000000000001,1.2179718178273808
C,0.05,,0.6734222678296563,0.887762955361724,1.5611852231913803,0.5686467833374415,2.93881477680862,1.29881698551651,2.3118691947377465,3.23539191270681,,0.08908539240052016,10.4,1.2162804312693014
C,0.05,,0.6725164926663678,0.8879139178889387,1.5604304105553064,0.5690185937692402,2.9395695894446936,1.2984913808796512,2.312673376742655,3.2326582714634555,,0.08896556960923015,10.600000000000001,1.2145937315751665
C,0.05,,0.6716131508251247,0.8880644748624792,1.559677625687604,0.5693897637795275,2.9403223743123963,1.2981628377116825,2.313475534538313,3.2299331089143233,,0.08884606871618973,10.8,1.2129116993074058
C,0.05,,0.6707122325135739,0.8882146279144043,1.5589268604279782,0.5697602950215119,2.9410731395720218,1.297831383163043,2.314275675723371,3.2272163863778225,,0.08872688842599234,11.0,1.2112343151356997
C,0.05,,0.6698137279918346,0.8883643786680275,1.5581781066598621,0.5701301891427168,2.941821893340138,1.2974970441566758,2.3150738078586923,3.2245080654040437,,0.08860802745017288,11.200000000000001,1.2095615598362373
C,0.05,,0.6689176275721476,0.8885137287379754,1.557431356310123,0.5704994477850043,2.942568643689877,1.2971598473900992,2.315869938467582,3.2218081077730507,,0.08848948450716125,11.4,1.2078934142909874
C,0.05,,0.6680239216185265,0.8886626797302456,1.5566866013487721,0.5708680725846003,2.943313398651228,1.296819819337454,2.3166640750360235,3.219116475493177,,0.0883712583222363,11.600000000000001,1.2062298594869711
C,0.05,,0.6671326005464133,0.8888112332422644,1.5559438337886777,0.5712360651721181,2.9440561662113223,1.2964769862515326,2.317456225012905,3.2164331307993477,,0.08825334762748015,11.8,1.2045708765155418
C,0.05,,0.6662436548223352,0.8889593908629442,1.5552030456852792,0.5716034271725826,2.9447969543147208,1.2961313741657865,2.3182463958102506,3.2137580361514084,,0.0881357511617329,12.0,1.2029164465716717
C,0.05,,0.6653570749635637,0.8891071541727393,1.554464229136303,0.5719701602054543,2.945535770863697,1.2957830088963114,2.3190345948034423,3.2110911542324727,,0.0880184676705475,12.200000000000001,1.2012665509532425
C,0.05,,0.66447285153778,0.8892545247437034,1.5537273762814834,0.572336265884653,2.9462726237185164,1.2954319160438166,2.319820829331449,3.2084324479472843,,0.08790149590614543,12.4,1.1996211710603442
C,0.05,,0.6635909751627378,0.8894015041395437,1.5529924793022816,0.5727017458185814,2.9470075206977184,1.295078120995571,2.320605106697049,3.205781880420588,,0.08778483462737219,12.600000000000001,1.197980288394577
C,0.05,,0.6627114365059328,0.8895480939156779,1.5522595304216107,0.5730666016101489,2.947740469578389,1.2947216489273317,2.321387434167047,3.203139414995525,,0.0876684825996535,12.8,1.196343884558362
C,0.05,,0.6618342262842735,0.8896942956192877,1.551528521903561,0.5734308348567947,2.948471478096439,1.2943625248052506,2.3221678189725017,3.2005050152320296,,0.08755243859495178,13.0,1.1947119412542542
C,0.05,,0.6609593352637543,0.8898401107893743,1.5507994460531287,0.5737944471505114,2.9492005539468713,1.294000773387764,2.3229462683089372,3.1978786449052556,,0.08743670139172291,13.200000000000001,1.1930844402842617
C,0.05,,0.6600867542591312,0.8899855409568115,1.5500722952159427,0.5741574400778684,2.9499277047840575,1.2936364192274652,2.323722789336565,3.195260268003992,,0.08732126977487334,13.4,1.191461363549176
C,0.05,,0.6592164741336012,0.8901305876443998,1.549347061778001,0.574519815220034,2.950652938221999,1.2932694866729513,2.3244973891804936,3.1926498487291255,,0.08720614253571761,13.600000000000001,1.1898426930478967
C,0.05,,0.6583484857984826,0.8902752523669196,1.5486237381654022,0.5748815741527997,2.951376261834598,1.2928999998706612,2.3252700749309474,3.190047351492085,,0.08709131847193617,13.8,1.1882284108767742
C,0.05,,0.6574827802128992,0.8904195366311835,1.5479023168440826,0.5752427184466019,2.9520976831559174,1.2925279827666856,2.326040853643474,3.1874527409133204,,0.08697679638753351,14.0,1.186618499228947
C,0.05,,0.6566193483834657,0.890563441936089,1.5471827903195547,0.5756032496665454,2.952817209680445,1.2921534591085666,2.326809732339162,3.184865981820781,,0.08686257509279659,14.200000000000001,1.1850129403936922
C,0.05,,0.655758181363977,0.8907069697726705,1.5464651511366476,0.5759631693724254,2.9535348488633524,1.291776452447075,2.3275767180048392,3.1822870392484184,,0.0867486534042537,14.4,1.1834117167557756
C,0.05,,0.6548992702550988,0.8908501216241502,1.5457493918792489,0.5763224791187509,2.954250608120751,1.2913969861379702,2.32834181759329,3.1797158784346924,,0.08663503014463357,14.600000000000001,1.1818148107948112
C,0.05,,0.6540426062040614,0.8909928989659898,1.545035505170051,0.5766811804547654,2.954964494829949,1.2910150833437464,2.329105038023455,3.1771524648211007,,0.08652170414282487,14.8,1.1802222050846243
C,0.05,,0.6531881804043544,0.8911353032659409,1.5443234836702953,0.5770392749244714,2.9556765163297047,1.2906307670353538,2.3298663861806417,3.1745967640507042,,0.08640867423383576,15.0,1.1786338822926166
C,0.05,,0.6523359840954275,0.8912773359840954,1.543613320079523,0.5773967640666505,2.956386679920477,1.2902440599939131,2.3306258689167185,3.172048741966689,,0.08629593925875437,15.200000000000001,1.1770498251791437
C,0.05,,0.6514860085623877,0.8914189985729354,1.5429050071353232,0.577753649414887,2.957094992864677,1.2898549848124035,2.331383493050325,3.1695083646109135,,0.08618349806470872,15.4,1.1754700165968908
C,0.05,,0.6506382451357045,0.8915602924773826,1.542198537613087,0.5781099324975892,2.957801462386913,1.289463563897338,2.332139265367068,3.1669755982224874,,0.08607134950482774,15.600000000000001,1.1738944394902555
C,0.05,,0.6497926851909154,0.8917012191348475,1.5414939043257627,0.5784656148380104,2.9585060956742373,1.2890698194704238,2.33289319261972,3.1644504092363652,,0.08595949243820226,15.8,1.1723230768947368
C,0.05,,0.6489493201483313,0.8918417799752781,1.5407911001236094,0.5788206979542719,2.9592088998763906,1.288673773570203,2.3336452815284177,3.1619327642819273,,0.08584792572984612,16.0,1.1707559119363282
C,0.05,,0.6481081414727485,0.8919819764212086,1.540090117893957,0.5791751833593844,2.959909882106043,1.2882754480536793,2.334395538780856,3.159422630181601,,0.08573664825065799,16.2,1.169192927830915
C,0.05,,0.6472691406731599,0.8921218098878066,1.5393909505609664,0.5795290725612686,2.9606090494390336,1.2878748645979277,2.3351439710324877,3.1569199739494787,,0.08562565887738319,16.400000000000002,1.1676341078836774
C,0.05,,0.6464323093024686,0.8922612817829219,1.5386935910853905,0.5798823670627776,2.9613064089146093,1.2874720447016876,2.3358905849067084,3.1544247627899504,,0.08551495649257587,16.6,1.1660794354884971
C,0.05,,0.6455976389572061,0.8924003935071323,1.5379980324643383,0.5802350683617175,2.9620019675356617,1.2870670096869437,2.336635386995054,3.151936964096345,,0.08540453998456163,16.8,1.1645288941273706
C,0.05,,0.6447651212772489,0.8925391464537918,1.5373042677310407,0.5805871779508689,2.9626957322689593,1.286659780700485,2.33737838385739,3.1494565454495915,,0.08529440824740006,17.0,1.1629824673698244
C,0.05,,0.6439347479455415,0.8926775420090765,1.536612289954618,0.5809386973180076,2.963387710045382,1.2862503787154562,2.338119582022099,3.146983474616884,,0.08518456018084816,17.2,1.161440138872338
C,0.05,,0.6431065106878178,0.8928155815520303,1.535922092239848,0.5812896279459265,2.964077907760152,1.2858388245328882,2.3388589879862707,3.144517719550356,,0.08507499469032341,17.400000000000002,1.1599018923777693
C,0.05,,0.6422804012723269,0.8929532664546121,1.535233667726939,0.5816399713124553,2.964766332273061,1.2854251387832145,2.339596608215885,3.1420592483857783,,0.08496571068686752,17.6,1.1583677117147837
C,0.05,,0.6414564115095608,0.8930905980817399,1.5345470095913005,0.5819897288904813,2.9654529904086995,1.285009341927776,2.3403324491459996,3.139608029441253,,0.0848567070871104,17.8,1.1568375807972917
C,0.05,,0.6406345332519829,0.8932275777913362,1.533862111043319,0.5823389021479713,2.966137888956681,1.2845914542603063,2.3410665171809324,3.137164031215927,,0.0847479828132343,18.0,1.1553114836238856
C,0.05,,0.6398147583937602,0.8933642069343734,1.5331789653281336,0.582687492547991,2.9668210346718666,1.2841714959084074,2.341798818694445,3.134727222388713,,0.08463953679293827,18.2,1.153789404277286
C,0.05,,0.6389970788704965,0.8935004868549172,1.5324975657254138,0.5830355015487253,2.967502434274586,1.2837494868350068,2.3425293600299226,3.132297571817026,,0.084531367959403,18.400000000000002,1.1522713269237879
C,0.05,,0.638181486658968,0.893636418890172,1.5318179055491399,0.5833829306034995,2.96818209445086,1.2833254468398034,2.343258147500553,3.129875048535524,,0.08442347525125571,18.6,1.150757235812715
C,0.05,,0.6373679737768605,0.8937720043705233,1.5311399781473838,0.5837297811607992,2.968860021852616,1.2828993955606964,2.3439851873895083,3.127459621754863,,0.08431585761253552,18.8,1.149247115275874
C,0.05,,0.6365565322825099,0.8939072446195817,1.5304637769020917,0.5840760546642899,2.9695362230979083,1.2824713524752052,2.3447104859501176,3.1250512608604613,,0.084208513992659,19.0,1.1477409497270201
C,0.05,,0.6357471542746427,0.8940421409542262,1.529789295228869,0.5844217525528378,2.970210704771131,1.2820413369018677,2.345434049406049,3.1226499354112742,,0.08410144334638593,19.200000000000003,1.1462387236613167
C,0.05,,0.6349398318921208,0.8941766946846466,1.5291165265767672,0.5847668762605291,2.970883473423233,1.2816093680016354,2.3461558839514787,3.1202556151385807,,0.08399464463378548,19.400000000000002,1.1447404216548107
C,0.05,,0.6341345573136853,0.8943109071143858,1.5284454644280712,0.5851114272166903,2.971554535571929,1.2811754647792433,2.346875995751266,3.117868269944778,,0.08388811682020234,19.6,1.143246028363901
C,0.05,,0.6333313227577055,0.8944447795403824,1.527776102298088,0.5854554068459078,2.972223897701912,1.2807396460845777,2.34759439094113,3.115487869902182,,0.08378185887622355,19.8,1.14175552852482
C,0.05,,0.6325301204819277,0.8945783132530121,1.5271084337349397,0.5857988165680474,2.9728915662650603,1.2803019306140224,2.3483110756278123,3.1131143852518504,,0.08367586977764518,20.0,1.1402689069531138
C,0.05,,0.6317309427832261,0.894711509536129,1.5264424523193552,0.5861416577982735,2.973557547680645,1.2798623369117959,2.349026055889256,3.1107477864024045,,0.08357014850543952,20.200000000000003,1.1387861485431272
C,0.05,,0.630933781997356,0.8948443696671073,1.5257781516644633,0.58648393194707,2.974221848335537,1.2794208833712761,2.349739337774768,3.1083880439288576,,0.08346469404572227,20.400000000000002,1.1373072382674971
C,0.05,,0.6301386304987097,0.8949768949168817,1.5251155254155915,0.5868256404202573,2.9748844745844085,1.2789775882363088,2.350450927305189,3.1060351285714716,,0.08335950538972034,20.6,1.1358321611766413
C,0.05,,0.629345480700072,0.895109086549988,1.52445456725006,0.5871667846190138,2.97554543274994,1.2785324696025078,2.351160830473061,3.103689011234598,,0.08325458153373953,20.8,1.1343609023982597
C,0.05,,0.6285543250523794,0.8952409458246035,1.5237952708769829,0.5875073659398939,2.976204729123017,1.2780855454185391,2.351869053242792,3.101349662985549,,0.0831499214791326,21.0,1.1328934471368348
C,0.05,,0.6277651560444817,0.8953724739925863,1.523137630037068,0.5878473857748469,2.976862369962932,1.2776368334873967,2.3525756015508152,3.0990170550534706,,0.08304552423226774,21.200000000000003,1.1314297806731386
C,0.05,,0.626977966202902,0.8955036722995163,1.5224816385024185,0.5881868455112366,2.9775183614975815,1.2771863514676598,2.353280481305759,3.096691158828218,,0.08294138880449693,21.400000000000002,1.129969888363739
C,0.05,,0.6261927480916031,0.8956345419847328,1.5218272900763359,0.5885257465318599,2.978172709923664,1.2767341168747453,2.353983698388606,3.094371945859252,,0.0828375142121249,21.6,1.128513755640515
C,0.05,,0.6254094943117516,0.8957650842813747,1.5211745785931263,0.5888640902149653,2.9788254214068735,1.2762801470821419,2.3546852586528546,3.0920593878545386,,0.08273389947637798,21.8,1.1270613680101722
C,0.05,,0.6246281975014872,0.8958953004164187,1.5205234979179059,0.5892018779342724,2.979476502082094,1.275824459322639,2.355385167924675,3.089753456679457,,0.0826305436233736,22.0,1.1256127110537657
C,0.05,,0.6238488503356902,0.8960251916107184,1.5198740419464085,0.589539111058989,2.9801259580535913,1.2753670706895366,2.3560834320030732,3.0874541243557174,,0.0825274456840895,22.200000000000003,1.124167770426221
C,0.05,,0.6230714455257536,0.8961547590790411,1.5192262046047946,0.5898757909538318,2.9807737953952054,1.274907998137849,2.3567800566600425,3.085161363060287,,0.08242460469433362,22.400000000000002,1.1227265318558646
C,0.05,,0.6222959758193564,0.8962840040301073,1.5185799798494637,0.5902119189790422,2.9814200201505363,1.2744472584854956,2.3574750476407247,3.0828751451243295,,0.08232201969471405,22.6,1.121288981143954
C,0.05,,0.6215224340002369,0.8964129276666272,1.517935361666864,0.590547496490407,2.982064638333136,1.2739848684144786,2.358168410663561,3.0805954430321454,,0.08221968973060911,22.8,1.1198551041642126
C,0.05,,0.6207508128879693,0.8965415311853384,1.5172923440733077,0.5908825248392753,2.982707655926692,1.2735208444720516,2.358860151420453,3.078322229420127,,0.08211761385213777,23.0,1.118424886862369
C,0.05,,0.6199811053377421,0.896669815777043,1.5166509211147852,0.5912170053725765,2.983349078885215,1.2730552030718776,2.359550275576909,3.0760554770757187,,0.08201579111413027,23.200000000000003,1.1169983152556993
C,0.05,,0.6192133042401368,0.8967977826266439,1.5160110868667807,0.5915509394328393,2.9839889131332193,1.2725879604951729,2.360238788772196,3.073795158936388,,0.08191422057609896,23.400000000000002,1.1155753754325717
C,0.05,,0.6184474025209094,0.8969254329131817,1.515372835434091,0.591884328358209,2.984627164565909,1.2721191328918435,2.3609256966194954,3.071541248088602,,0.08181290130220933,23.6,1.1141560535519965
C,0.05,,0.6176833931407729,0.8970527678098712,1.514736160950644,0.5922171734824654,2.985263839049356,1.2716487362816085,2.3616110047060523,3.0692937177668176,,0.08171183236125125,23.8,1.1127403358431778
C,0.05,,0.6169212690951822,0.8971797884841363,1.5141010575793183,0.5925494761350407,2.9858989424206817,1.271176786555114,2.362294718593319,3.0670525413524694,,0.08161101282661047,24.0,1.1113282086050698
C,0.05,,0.6161610234141188,0.8973064960976469,1.5134675195117657,0.5928812376410376,2.9865324804882345,1.270703299475036,2.362976843817109,3.06481769237298,,0.08151044177624024,24.200000000000003,1.109919658205936
C,0.05,,0.6154026491618801,0.8974328918063533,1.5128355409682335,0.593212459321246,2.9871644590317663,1.2702282906771734,2.363657385887741,3.0625891445007647,,0.08141011829263334,24.400000000000002,1.108514671082912
C,0.05,,0.6146461394368671,0.8975589767605221,1.5122051161973893,0.5935431424921611,2.9877948838026107,1.2697517756715306,2.364336350290187,3.0603668715522545,,0.08131004146279402,24.6,1.107113233741571
C,0.05,,0.6138914873713751,0.8976847521047708,1.5115762394761458,0.5938732884660014,2.988423760523854,1.2692737698433882,2.3650137424842117,3.0581508474869192,,0.08121021037821037,24.8,1.1057153327554932
C,0.05,,0.6131386861313869,0.8978102189781022,1.510948905109489,0.5942028985507246,2.989051094890511,1.2687942884543661,2.3656895679045244,3.055941046406309,,0.08111062413482688,25.0,1.1043209547658372
C,0.05,,0.6123877289163653,0.8979353785139391,1.5103231074303043,0.5945319740500464,2.9896768925696957,1.2683133466434766,2.3663638319609137,3.0537374425530825,,0.08101128183301703,25.200000000000003,1.102930086480918
C,0.05,,0.6116386089590493,0.8980602318401585,1.5096988407992078,0.5948605162634565,2.990301159200792,1.267830959428164,2.3670365400383973,3.0515400103100756,,0.08091218257755636,25.400000000000002,1.1015427146757832
C,0.05,,0.6108913195252502,0.898184780079125,1.5090760996043753,0.5951885264862363,2.9909239003956247,1.2673471417053392,2.3677076974973583,3.0493487241993424,,0.08081332547759543,25.6,1.1001588261917963
C,0.05,,0.6101458539136497,0.8983090243477251,1.5084548782613747,0.5955160060094766,2.9915451217386253,1.2668619082524017,2.3683773096736846,3.047163558881226,,0.08071470964663316,25.8,1.0987784079362222
C,0.05,,0.6094022054556006,0.8984329657573998,1.5078351712130005,0.5958429561200924,2.9921648287869997,1.266375273728252,2.369045381878912,3.0449844891534386,,0.08061633420249043,26.0,1.0974014468818138
C,0.05,,0.6086603675149268,0.8985566054141789,1.5072169729291058,0.5961693781008421,2.992783027070894,1.265887252674297,2.3697119194003577,3.0428114899501297,,0.08051819826728367,26.200000000000003,1.0960279300664055
C,0.05,,0.6079203334877257,0.8986799444187124,1.506600277906438,0.5964952732303436,2.993399722093562,1.2653978595154423,2.37037692750126,3.0406445363409755,,0.08042030096739868,26.400000000000002,1.094657844592506
C,0.05,,0.6071820968021743,0.8988029838663043,1.5059850806684785,0.5968206427830895,2.9940149193315215,1.2649071085610784,2.371040411420916,3.038483603530283,,0.080322641433465,26.6,1.0932911776268952
C,0.05,,0.606445650918332,0.8989257248469447,1.5053713757652767,0.5971454880294659,2.994628624234723,1.2644150140060566,2.371702376374815,3.0363286668560803,,0.0802252188003298,26.8,1.0919279164002273
C,0.05,,0.6057109893279492,0.8990481684453417,1.5047591577732908,0.5974698102357677,2.995240842226709,1.2639215899316554,2.3723628275547703,3.0341797017892294,,0.0801280322070326,27.0,1.0905680482066316
C,0.05,,0.6049781055542751,0.8991703157409542,1.5041484212952292,0.5977936106642152,2.995851578704771,1.2634268503065371,2.3730217701290606,3.032036683932545,,0.08003108079677979,27.200000000000003,1.0892115604033181
C,0.05,,0.6042469931518674,0.8992921678080221,1.5035391609598894,0.5981168905729706,2.9964608390401106,1.2629308089876994,2.373679209242556,3.029899589019913,,0.07993436371691949,27.400000000000002,1.087858440410191
C,0.05,,0.6035176457064031,0.8994137257155995,1.5029313714220027,0.5984396512161542,2.9970686285779973,1.262433479721412,2.3743351500168473,3.0277683929154233,,0.07983788011891656,27.6,1.0865086757094553
C,0.05,,0.602790056834491,0.8995349905275848,1.502325047362076,0.598761893843861,2.997674952637924,1.2619348761441511,2.3749895975503863,3.025643071612502,,0.07974162915832769,27.8,1.0851622538452368
C,0.05,,0.6020642201834862,0.8996559633027523,1.5017201834862384,0.5990836197021765,2.9982798165137616,1.2614350117835198,2.37564255691861,3.0235236012330606,,0.07964560999477695,28.0,1.0838191624231965
C,0.05,,0.6013401294313041,0.8997766450947826,1.5011167745260867,0.5994048300331921,2.9988832254739135,1.2609339000591637,2.3762940331740667,3.021409958026646,,0.07954982179193118,28.200000000000003,1.0824793891101538
C,0.05,,0.6006177782862373,0.8998970369522938,1.5005148152385313,0.5997255260750228,2.9994851847614687,1.260431554283674,2.3769440313465546,3.0193021183695894,,0.0794542637174757,28.400000000000002,1.0811429216337065
C,0.05,,0.5998971604867737,0.900017139918871,1.4999143004056448,0.6000457090618214,3.0000856995943552,1.2599279876634888,2.377592556443234,3.0172000587641774,,0.07935893494309033,28.6,1.0798097477818618
C,0.05,,0.5991782698014152,0.9001369550330974,1.4993152248345125,0.6003653802237954,3.0006847751654875,1.2594232132997791,2.3782396134487698,3.0151037558378215,,0.07926383464442537,28.8,1.0784798554026616
C,0.05,,0.5984611000284981,0.9002564833285837,1.4987175833570818,0.6006845407872219,3.001282416642918,1.25891724418933,2.3788852073254456,3.0130131863422327,,0.0791689620010778,29.0,1.077153232403815
C,0.05,,0.5977456449960149,0.9003757258339975,1.4981213708300123,0.6010031919744643,3.0018786291699877,1.2584100932254145,2.379529343013294,3.0109283271526013,,0.0790743161965678,29.200000000000003,1.075829866752335
C,0.05,,0.5970318985614375,0.9004946835730938,1.4975265821345314,0.6013213350039868,3.0024734178654686,1.257901773198657,2.3801720254302188,3.0088491552667973,,0.07897989641831525,29.400000000000002,1.0745097464741715
C,0.05,,0.5963198546115402,0.9006133575647433,1.4969332121762835,0.601638971090371,3.0030667878237165,1.257392296797891,2.38081325947212,3.006775647804548,,0.07888570185761644,29.6,1.073192859653856
C,0.05,,0.5956095070622269,0.9007317488229621,1.4963412558851892,0.6019561014443306,3.003658744114811,1.2568816766110067,2.3814530500130164,3.00470778200666,,0.07879173170962107,29.8,1.0718791944341397
C,0.05,,0.594900849858357,0.9008498583569405,1.4957507082152977,0.6022727272727272,3.0042492917847023,1.2563699251257936,2.3820914019051598,3.0026455352342136,,0.07869798517330936,30.0,1.0705687390156409
C,0.05,,0.5941938769735725,0.9009676871710712,1.4951615641446439,0.6025888497785852,3.004838435855356,1.2558570547307721,2.3827283199791687,3.0005888849677795,,0.07860446145146908,30.200000000000003,1.0692614816564925
C,0.05,,0.5934885824101289,0.9010852362649785,1.4945738186751074,0.6029044701611073,3.005426181324893,1.255343077716021,2.3833638090441367,2.9985378088066463,,0.0785111597506732,30.400000000000002,1.067957410671991
C,0.05,,0.5927849601987241,0.901202506633546,1.49398746683227,0.6032195896156899,3.00601253316773,1.2548280062739945,2.3839978738877603,2.9964922844680375,,0.07841807928125727,30.6,1.066656514434251
C,0.05,,0.5920830043983308,0.9013194992669449,1.4934025036652758,0.6035342093339374,3.006597496334724,1.2543118525003323,2.384630519276449,2.994452289786352,,0.07832521925729728,30.8,1.0653587813718586
C,0.05,,0.5913827090960293,0.9014362151506617,1.492818924246691,0.6038483305036786,3.007181075753309,1.2537946283946655,2.3852617499554514,2.992417802712393,,0.07823257889658745,31.0,1.0640641999695313
C,0.05,,0.5906840684068406,0.9015526552655265,1.492236723672367,0.6041619543089799,3.007763276327633,1.253276345861409,2.3858915706489636,2.9903888013126236,,0.07814015742061825,31.200000000000003,1.062772758767776
C,0.05,,0.589987076473563,0.9016688205877396,1.4916558970613025,0.6044750819301616,3.0083441029386977,1.2527570167105528,2.3865199860602555,2.98836526376841,,0.07804795405455471,31.400000000000002,1.0614844463625537
C,0.05,,0.5892917274666069,0.9017847120888989,1.4910764395555058,0.6047877145438121,3.008923560444494,1.2522366526584428,2.3871470008717743,2.9863471683752767,,0.07795596802721463,31.6,1.0601992514049432
C,0.05,,0.5885980155838331,0.9019003307360278,1.490498346319861,0.6050998533228027,3.009501653680139,1.2517152653285546,2.3877726197452693,2.9843344935421703,,0.07786419857104714,31.8,1.0589171626008103
C,0.05,,0.5879059350503919,0.9020156774916014,1.4899216125419934,0.6054114994363021,3.0100783874580066,1.251192866252262,2.388396847321898,2.982327217790731,,0.07777264492211143,32.0,1.0576381687104757
C,0.05,,0.5872154801185616,0.9021307533135731,1.4893462334321348,0.6057226540497915,3.010653766567865,1.2506694668695957,2.3890196882223447,2.980325319754554,,0.07768130632005538,32.2,1.056362258548389
C,0.05,,0.5865266450675902,0.9022455591554016,1.4887722042229918,0.6060333183250788,3.011227795777008,1.250145078529999,2.3896411470469294,2.978328778178482,,0.07759018200809464,32.4,1.0550894209828032
C,0.05,,0.5858394242035373,0.9023600959660771,1.4881995201696143,0.6063434934203128,3.0118004798303857,1.2496197124930724,2.3902612283757234,2.9763375719178775,,0.07749927123299169,32.6,1.0538196449354515
C,0.05,,0.5851538118591172,0.9024743646901472,1.4876281765492645,0.6066531804899977,3.0123718234507355,1.2490933799293147,2.3908799367686546,2.9743516799379224,,0.07740857324503511,32.800000000000004,1.0525529193812262
C,0.05,,0.584469802393543,0.9025883662677429,1.4870581686612858,0.6069623806850084,3.012941831338714,1.248566091920857,2.3914972767656195,2.9723710813129003,,0.07731808729801894,33.0,1.0512892333478625
C,0.05,,0.5837873901923718,0.9027021016346047,1.4864894918269766,0.6072710951526032,3.0135105081730234,1.2480378594621866,2.3921132528865963,2.9703957552255114,,0.07722781264922218,33.2,1.050028575915619
C,0.05,,0.5831065696673515,0.902815571722108,1.4859221413894597,0.6075793250364391,3.0140778586105403,1.24750869346087,2.3927278696317513,2.9684256809661673,,0.07713774855938857,33.4,1.0487709362169673
C,0.05,,0.5824273352562681,0.9029287774572886,1.4853561127135566,0.6078870714765853,3.0146438872864434,1.2469786047382647,2.3933411314815416,2.9664608379323063,,0.07704789429270636,33.6,1.0475163034362789
C,0.05,,0.5817496814227935,0.9030417197628677,1.484791401185661,0.6081943356095377,3.015208598814339,1.2464476040302266,2.3939530428968343,2.9645012056277094,,0.0769582491167882,33.800000000000004,1.0462646668095155
C,0.05,,0.5810736026563365,0.9031543995572773,1.4842280022136136,0.6085011185682327,3.0157719977863864,1.2459157019878115,2.3945636083189985,2.9625467636618215,,0.07686881230265136,34.0,1.0450160156239232
C,0.05,,0.5803990934718921,0.9032668177546846,1.4836659112265767,0.608807421482061,3.0163340887734233,1.2453829091779696,2.3951728321700236,2.960597491749076,,0.07677958312469793,34.2,1.0437703392177275
C,0.05,,0.579726148409894,0.9033789752650176,1.4831051236749118,0.6091132454768818,3.0168948763250882,1.2448492360842311,2.3957807188526203,2.958653369708231,,0.07669056086069513,34.4,1.0425276269798285
C,0.05,,0.5790547620360668,0.9034908729939889,1.4825456350300557,0.6094185916750363,3.0174543649699443,1.2443146931073934,2.396387272750321,2.956714377461699,,0.07660174479175591,34.6,1.0412878683495044
C,0.05,,0.5783849289412801,0.90360251184312,1.4819874407844003,0.6097234611953612,3.0180125592155997,1.243779290566191,2.3969924982275876,2.9547804950348966,,0.0765131342023196,34.800000000000004,1.0400510528161075
C,0.05,,0.5777166437414031,0.9037138927097661,1.4814305364511693,0.6100278551532032,3.0185694635488307,1.2432430386979711,2.3975963996299163,2.952851702555584,,0.07642472838013262,35.0,1.0388171699187745
C,0.05,,0.5770499010771598,0.9038250164871401,1.4808749175643,0.610331774660432,3.0191250824357,1.2427059476593527,2.3981989812839366,2.9509279802532222,,0.0763365266162294,35.2,1.037586209246126
C,0.05,,0.576384695613987,0.9039358840643354,1.4803205796783225,0.6106352208254533,3.0196794203216775,1.242168027526888,2.3988002474975154,2.9490093084583258,,0.07624852820491355,35.4,1.0363581604359795
C,0.05,,0.5757210220418906,0.9040464963263516,1.4797675183682422,0.6109381947532236,3.0202324816317576,1.2416292882977125,2.3994002025598564,2.947095667601827,,0.07616073244373892,35.6,1.035133013175055
C,0.05,,0.5750588750753053,0.9041568541541157,1.479215729229421,0.6112406975452627,3.020784270770579,1.2410897398901923,2.3999988507416017,2.945187038214438,,0.07607313863349088,35.800000000000004,1.0339107571986907
C,0.05,,0.574398249452954,0.9042669584245077,1.4786652078774618,0.611542730299667,3.021334792122538,1.2405493921445638,2.400596196294931,2.9432834009260285,,0.07598574607816795,36.0,1.0326913822905546
C,0.05,,0.5737391399377083,0.904376810010382,1.4781159499480903,0.6118442941111234,3.0218840500519097,1.2400082548235696,2.4011922434536643,2.9413847364649905,,0.07589855408496313,36.2,1.0314748782823613
C,0.05,,0.5730815413164502,0.9044864097805916,1.4775679510970416,0.6121453900709221,3.0224320489029584,1.2394663376130868,2.401786996433353,2.9394910256576305,,0.07581156196424572,36.4,1.0302612350535911
C,0.05,,0.5724254483999345,0.904595758600011,1.4770212069999453,0.6124460192669694,3.0229787930000547,1.23892365012275,2.402380459431388,2.937602249427548,,0.07572476902954314,36.6,1.029050442531208
C,0.05,,0.571770856022653,0.9047048573295579,1.4764757133522108,0.6127461827838018,3.023524286647789,1.2383802018865717,2.402972636627087,2.9357183887950256,,0.07563817459752288,36.800000000000004,1.0278424906893826
C,0.05,,0.5711177590426979,0.904813706826217,1.4759314658689149,0.6130458817025981,3.024068534131085,1.237836002363552,2.4035635321817983,2.9338394248764215,,0.07555177798797445,37.0,1.0266373695492172
C,0.05,,0.5704661523416277,0.904922307943062,1.4753884602846896,0.6133451171011932,3.0246115397153104,1.2372910609382877,2.4041531502389937,2.931965338883572,,0.0754655785237917,37.2,1.0254350691784704
C,0.05,,0.5698160308243339,0.9050306615292777,1.4748466923536117,0.6136438900540898,3.0251533076463883,1.2367453869215725,2.4047414949243664,2.930096112123195,,0.07537957553095513,37.4,1.0242355796912839
C,0.05,,0.5691673894189072,0.9051387684301822,1.4743061578490892,0.613942201632473,3.0256938421509108,1.2361989895509962,2.405328570345921,2.9282317259962882,,0.07529376833851421,37.6,1.0230388912479156
C,0.05,,0.5685202230765065,0.9052466294872489,1.4737668525637555,0.6142400529042212,3.0262331474362445,1.2356518779915309,2.4059143805940737,2.9263721619975565,,0.07520815627857004,37.800000000000004,1.0218449940544663
C,0.05,,0.5678745267712276,0.9053542455381287,1.4732287723093562,0.6145374449339208,3.0267712276906438,1.2351040613361235,2.406498929741743,2.9245174017148114,,0.07512273868625798,38.0,1.0206538783626191
C,0.05,,0.5672302954999731,0.9054616174166712,1.4726919129166443,0.6148343787828766,3.0273080870833557,1.23455554860627,2.4070822218444423,2.922667426828407,,0.07503751489973046,38.2,1.0194655344693684
C,0.05,,0.5665875242823225,0.9055687459529462,1.4721562702352688,0.6151308555091268,3.027843729764731,1.2340063487525956,2.4076642609403747,2.9208222191106525,,0.07495248426013977,38.400000000000006,1.018279952716762
C,0.05,,0.5659462081604053,0.9056756319732658,1.4716218401336711,0.6154268761674542,3.028378159866329,1.2334564706554236,2.408245051050523,2.9189817604252477,,0.0748676461116213,38.6,1.017097123491638
C,0.05,,0.5653063421987724,0.9057822763002046,1.4710886184989769,0.6157224418093984,3.028911381501023,1.2329059231253403,2.4088245961787407,2.917146032726717,,0.07478299980127652,38.800000000000004,1.0159170372253645
C,0.05,,0.56466792148427,0.9058886797526217,1.4705566012368916,0.6160175534832694,3.0294433987631084,1.2323547149037584,2.409402900311844,2.915315018059844,,0.07469854467915624,39.0,1.0147396843935863
C,0.05,,0.5640309411259132,0.9059948431456811,1.4700257842715945,0.6163122122341591,3.0299742157284055,1.2318028546634683,2.4099799674197024,2.9134886985591137,,0.074614280098244,39.2,1.0135650555159632
C,0.05,,0.563395396254762,0.906100767290873,1.469496163545635,0.6166064191039544,3.030503836454365,1.231250351009193,2.4105558014553266,2.9116670564481573,,0.07453020541443955,39.400000000000006,1.012393141155922
C,0.05,,0.5627612820237967,0.9062064529960339,1.4689677350198305,0.6169001751313485,3.0310322649801695,1.2306972124781317,2.411130406354959,2.9098500740392064,,0.07444631998654251,39.6,1.0112239319204
C,0.05,,0.5621285936077948,0.9063119010653675,1.4684404946731622,0.6171934813518539,3.031559505326838,1.2301434475405015,2.411703786038162,2.9080377337325425,,0.07436262317623588,39.800000000000004,1.0100574184595976
C,0.05,,0.5614973262032085,0.9064171122994652,1.4679144385026737,0.6174863387978142,3.0320855614973263,1.2295890646000744,2.4122759444079036,2.9062300180159566,,0.07427911434807005,40.0,1.0088935914667279
C,0.05,,0.5608674750280433,0.9065220874953261,1.4673895625233695,0.6177787484984165,3.0326104374766305,1.2290340719947084,2.4128468853506515,2.9044269094642106,,0.07419579286944662,40.2,1.0077324416777702
C,0.05,,0.5602390353217372,0.9066268274463771,1.4668658627681144,0.6180707114797032,3.033134137231886,1.2284784779968754,2.413416612736448,2.9026283907385015,,0.0741126581106024,40.400000000000006,1.0065739598712262
C,0.05,,0.5596120023450407,0.9067313329424932,1.466343335287534,0.618362228764584,3.033656664712466,1.227922290814182,2.413985130419011,2.900834444585936,,0.07402970944459361,40.6,1.0054181368678734
C,0.05,,0.5589863713798977,0.906835604770017,1.4658219761499147,0.6186533013728481,3.0341780238500853,1.2273655185898904,2.414552442235808,2.8990450538389987,,0.07394694624728013,40.800000000000004,1.0042649635305263
C,0.05,,0.5583621377293273,0.9069396437117788,1.4653017814411062,0.6189439303211758,3.0346982185588938,1.2268081694034287,2.4151185520081446,2.8972602014150324,,0.07386436789730977,41.0,1.0031144307637945
C,0.05,,0.5577392967173058,0.9070434505471157,1.4647827472644215,0.6192341166231505,3.0352172527355785,1.2262502512709024,2.415683463541254,2.8954798703157167,,0.07378197377610274,41.2,1.001966529513845
C,0.05,,0.5571178436886507,0.9071470260518916,1.4642648697405423,0.6195238612892706,3.0357351302594577,1.2256917721455967,2.416247180624374,2.893704043626558,,0.07369976326783627,41.400000000000006,1.000821250768163
C,0.05,,0.5564977740089039,0.907250370998516,1.46374814500742,0.6198131653269607,3.03625185499258,1.2251327399184782,2.4168097070308354,2.891932704516373,,0.07361773575942919,41.6,0.9996785855553203
C,0.05,,0.5558790830642173,0.9073534861559638,1.463232569220181,0.6201020297405839,3.036767430779819,1.2245731624186924,2.417371046518142,2.8901658362367826,,0.07353589064052678,41.800000000000004,0.9985385249447399
C,0.05,,0.5552617662612374,0.9074563722897938,1.4627181385510313,0.6203904555314533,3.0372818614489687,1.2240130474140498,2.417931202828058,2.8884034221217094,,0.07345422730348546,42.0,0.9974010600464613
C,0.05,,0.5546458190269927,0.9075590301621679,1.4622048491891606,0.6206784436978433,3.0377951508108394,1.2234524026115197,2.4184901796866844,2.8866454455868764,,0.073372745143358,42.2,0.9962661820109144
C,0.05,,0.5540312368087801,0.90766146053187,1.46169269734065,0.6209659952350011,3.0383073026593497,1.2228912356577082,2.419047980804542,2.884891890129311,,0.07329144355787834,42.400000000000006,0.9951338820286871
C,0.05,,0.5534180150740526,0.9077636641543245,1.4611816792283772,0.6212531111351585,3.0388183207716226,1.2223295541393406,2.4196046098766555,2.883142739326849,,0.07321032194744691,42.6,0.9940041513303006
C,0.05,,0.5528061493103085,0.9078656417816152,1.4606717910919236,0.6215397923875433,3.0393282089080764,1.2217673655837338,2.4201600705826327,2.8813979768376496,,0.07312937971511584,42.800000000000004,0.9928769811859808
C,0.05,,0.5521956350249803,0.9079673941625033,1.4601630291874836,0.62182603997839,3.0398369708125164,1.221204677459268,2.42071436658674,2.87965758639971,,0.07304861626657429,43.0,0.9917523629054354
C,0.05,,0.5515864677453246,0.9080689220424459,1.4596553897877707,0.6221118548909522,3.0403446102122293,1.2206414971758532,2.4212675015379888,2.877921551830374,,0.07296803101013397,43.2,0.9906302878376316
C,0.05,,0.5509786430183135,0.9081702261636144,1.4591488691819279,0.6223972381055131,3.040851130818072,1.2200778320853922,2.421819479070212,2.876189857025863,,0.0728876233567146,43.400000000000006,0.9895107473705738
C,0.05,,0.5503721564105253,0.9082713072649125,1.4586434636754377,0.6226821905993962,3.041356536324562,1.2195136894822376,2.4223703028021393,2.8744624859607972,,0.07280739271982967,43.6,0.9883937329310831
C,0.05,,0.5497670035080371,0.9083721660819938,1.458139169590031,0.6229667133469783,3.041860830409969,1.218949076603649,2.4229199763374796,2.8727394226877205,,0.07272733851557203,43.800000000000004,0.987279235984582
C,0.05,,0.5491631799163179,0.9084728033472803,1.4576359832635983,0.6232508073196986,3.0423640167364017,1.218384000630241,2.4234685032649983,2.8710206513366363,,0.07264746016259989,44.0,0.9861672480348734
C,0.05,,0.5485606812601223,0.9085732197899796,1.4571339010501019,0.6235344734860708,3.042866098949898,1.2178184686864324,2.424015887158592,2.869306156114539,,0.07256775708212268,44.2,0.9850577606239279
C,0.05,,0.5479595031833838,0.9086734161361028,1.4566329193194867,0.6238177128116938,3.0433670806805133,1.217252487840888,2.4245621315773653,2.8675959213049538,,0.07248822869788697,44.400000000000006,0.9839507653316698
C,0.05,,0.5473596413491112,0.9087733931084815,1.4561330344575927,0.6241005262592633,3.0438669655424073,1.2166860651069578,2.4251072400657083,2.865889931267473,,0.07240887443616276,44.6,0.9828462537757632
C,0.05,,0.5467610914392834,0.908873151426786,1.4556342428660693,0.6243829147885813,3.0443657571339307,1.2161192074431137,2.4256512161533728,2.8641881704373096,,0.07232969372572953,44.800000000000004,0.9817442176114025
C,0.05,,0.5461638491547464,0.9089726918075423,1.4551365409622887,0.6246648793565683,3.0448634590377113,1.215551921753379,2.4261940633555477,2.862490623324839,,0.07225068599786268,45.0,0.9806446485311002
C,0.05,,0.5455679102151095,0.9090720149641484,1.4546399251792579,0.6249464209172739,3.045360074820742,1.214984214887759,2.4267357851729305,2.860797274515146,,0.07217185068631975,45.2,0.9795475382644818
C,0.05,,0.5449732703586442,0.9091711216068926,1.4541443919655368,0.6252275404218868,3.045855608034463,1.2144160936426642,2.4272763850918055,2.859108108667589,,0.07209318722732702,45.400000000000006,0.9784528785780772
C,0.05,,0.5443799253421817,0.9092700124429697,1.4536499377851513,0.625508238818746,3.0463500622148487,1.213847564761331,2.4278158665841145,2.85742311051535,,0.07201469505956606,45.6,0.9773606612751146
C,0.05,,0.543787870941012,0.909368688176498,1.45315655911751,0.6257885170533518,3.04684344088249,1.2132786349342384,2.4283542331075347,2.855742264864996,,0.07193637362416025,45.800000000000004,0.9762708781953175
C,0.05,,0.5431971029487842,0.9094671495085359,1.4526642524573201,0.6260683760683761,3.0473357475426797,1.2127093107995233,2.4288914881055454,2.854065556596045,,0.07185822236466166,46.0,0.9751835212147018
C,0.05,,0.5426076171774069,0.9095653971370988,1.4521730143145057,0.6263478168036725,3.0478269856854943,1.2121395989433896,2.4294276350075052,2.8523929706605307,,0.0717802407270379,46.2,0.9740985822453738
C,0.05,,0.5420194094569482,0.9096634317571753,1.4516828412141236,0.6266268401962876,3.0483171587858764,1.2115695059005147,2.429962677228724,2.8507244920825725,,0.0717024281596588,46.400000000000006,0.9730160532353309
C,0.05,,0.5414324756355385,0.9097612540607436,1.451193729696282,0.6269054471804713,3.048806270303718,1.2109990381544526,2.430496618170531,2.8490601059579466,,0.07162478411328366,46.6,0.9719359261682614
C,0.05,,0.5408468115792726,0.9098588647367879,1.4507056763160606,0.6271836386876865,3.0492943236839394,1.2104282021380355,2.43102946122035,2.8473997974536696,,0.07154730804104821,46.800000000000004,0.9708581930633494
C,0.05,,0.5402624131721121,0.9099562644713146,1.4502186776434267,0.6274614156466206,3.0497813223565733,1.2098570042337664,2.4315612097517683,2.845743551807563,,0.07146999939845176,47.0,0.9697828459750757
C,0.05,,0.5396792763157895,0.9100534539473685,1.449732730263158,0.6277387789831951,3.050267269736842,1.2092854507742166,2.4320918671246057,2.8440913543278494,,0.07139285764334448,47.2,0.968709876993026
C,0.05,,0.5390973969297118,0.910150433845048,1.4492478307747598,0.6280157296205761,3.05075216922524,1.2087135480424118,2.4326214366849874,2.8424431903927267,,0.07131588223591466,47.400000000000006,0.9676392782416952
C,0.05,,0.5385167709508667,0.9102472048415222,1.448763975792389,0.6282922684791844,3.0512360242076113,1.208141302272221,2.433149921765412,2.840799045449964,,0.07123907263867628,47.6,0.9665710418802957
C,0.05,,0.5379373943337261,0.9103437676110456,1.4482811619447717,0.6285683964767059,3.051718838055228,1.2075687196487377,2.4336773256848208,2.8391589050164843,,0.07116242831645628,47.800000000000004,0.9655051601025673
C,0.05,,0.5373592630501536,0.9104401228249744,1.4477993858751281,0.6288441145281017,3.052200614124872,1.2069958063086612,2.434203651748663,2.8375227546779622,,0.07108594873638231,48.0,0.9644416251365857
C,0.05,,0.5367823730893103,0.9105362711517816,1.447318644241092,0.6291194235456183,3.0526813557589083,1.2064225683406726,2.434728903248973,2.835890580088418,,0.07100963336787025,48.2,0.9633804292445758
C,0.05,,0.536206720457563,0.9106322132570728,1.446838933714636,0.6293943244387971,3.053161066285364,1.2058490117858085,2.435253083464425,2.834262366969823,,0.0709334816826121,48.400000000000006,0.9623215647227232
C,0.05,,0.535632301178391,0.9107279498036015,1.4463602509819924,0.6296688181144853,3.0536397490180076,1.2052751426378319,2.4357761956604134,2.832638101111688,,0.07085749315456359,48.6,0.9612650239009892
C,0.05,,0.5350591112922951,0.9108234814512841,1.4458825927435792,0.6299429054768451,3.054117407256421,1.204700966843598,2.4362982430891136,2.8310177683706845,,0.07078166725993223,48.800000000000004,0.9602107991429247
C,0.05,,0.5344871468567065,0.9109188088572155,1.445405955713922,0.630216587427364,3.0545940442860777,1.2041264903034201,2.4368192289895454,2.8294013546702375,,0.07070600347716519,49.0,0.9591588828454882
C,0.05,,0.5339164039458965,0.9110139326756839,1.4449303366215802,0.6304898648648649,3.05506966337842,1.20355171887143,2.437339156587646,2.8277888460001437,,0.07063050128693736,49.2,0.9581092674388623
C,0.05,,0.5333468786508864,0.9111088535581856,1.444455732209072,0.6307627386855154,3.055544267790928,1.2029766583559345,2.4378580290963336,2.8261802284161828,,0.07055516017213949,49.400000000000006,0.9570619453862713
C,0.05,,0.5327785670793586,0.9112035721534403,1.4439821392327987,0.631035209782838,3.0560178607672013,1.2024013145197743,2.4383758497155696,2.8245754880397294,,0.07047997961786635,49.6,0.9560169091838054
C,0.05,,0.532211465355568,0.9112980891074053,1.4435095544629732,0.6313072790477193,3.056490445537027,1.2018256930806726,2.4388926216324256,2.822974611057378,,0.07040495911140505,49.800000000000004,0.9549741513602374
C,0.05,,0.5316455696202531,0.9113924050632911,1.4430379746835442,0.631578947368421,3.056962025316456,1.2012497997115847,2.43940834802115,2.8213775837205572,,0.0703300981422233,50.0,0.9539336644768467
C,0.15,,0.7241379310344828,0.8793103448275862,1.603448275862069,0.5483870967741935,2.896551724137931,1.3109393579072535,2.1470600475624257,3.430270511296076,,0.1736421758440812,0.0,1.3109393579072535
C,0.15,,0.7207083533530099,0.8798819411078317,1.6005902944608414,0.5497234015180754,2.8994097055391586,1.3104979986856518,2.150076690863057,3.4196844379526636,,0.17281979200625833,0.2,1.3045246625838345
C,0.15,,0.7173111080748735,0.8804481486541877,1.5977592567290613,0.5510518214468959,2.902240743270939,1.3100066848043173,2.1530668274057594,3.409214270827933,,0.17200516120639275,0.4,1.2981723746116625
C,0.15,,0.7139457401237506,0.8810090433127082,1.5949547834364588,0.5523724261414503,2.905045216563541,1.3094668774711435,2.1560308031963205,3.3988581529250705,,0.17119817432101567,0.6000000000000001,1.2918815885366342
C,0.15,,0.71061180292366,0.8815646995127233,1.5921765024363834,0.5536852843662331,2.9078234975636166,1.3088799965058426,2.158968958280874,3.3886142661287466,,0.17039872426496872,0.8,1.2856514163209396
C,0.15,,0.7073088582014145,0.8821151902997643,1.5894240485011788,0.5549904640813732,2.910575951498821,1.3082474216278437,2.161881626872768,3.3784808302044667,,0.1696067059440335,1.0,1.279480986926658
C,0.15,,0.7040364757945554,0.8826605873675741,1.5866970631621296,0.5562880324543611,2.9133029368378702,1.3075704936994357,2.1647691374762132,3.368456101828392,,0.16882201620887605,1.2000000000000002,1.2733694459112397
C,0.15,,0.7007942334645932,0.8832009610892344,1.5839951945538275,0.5575780558715713,2.9160048054461725,1.3068505159258808,2.1676318130068424,3.3585383736465317,,0.16804455381026348,1.4000000000000001,1.267315955034474
C,0.15,,0.6975817167153867,0.8837363805474355,1.5813180972628222,0.558860599949584,2.9186819027371778,1.3060887550141524,2.1704699709092448,3.3487259733623236,,0.16727421935551273,1.6,1.2613196918765586
C,0.15,,0.6943985186164937,0.8842669135639177,1.5786654321804114,0.5601357295463114,2.9213345678195886,1.3052864422919057,2.1732839232715717,3.339017262851571,,0.16651091526613174,1.8,1.2553798494669288
C,0.15,,0.6912442396313363,0.8847926267281107,1.576036866359447,0.5614035087719298,2.923963133640553,1.3044447747881667,2.176073976937289,3.3294106373038295,,0.1657545457366147,2.0,1.2494956359234637
C,0.15,,0.6881184874500295,0.885313585424995,1.5734320728750246,0.5626640009996251,2.9265679271249754,1.3035649162772314,2.1788404336141802,3.319904524389309,,0.16500501669435594,2.2,1.243666274101761
C,0.15,,0.6850208768267224,0.8858298538622129,1.5708507306889352,0.5639172688761525,2.929149269311065,1.3026479982871417,2.1815835899806486,3.3104973834504294,,0.16426223576064575,2.4000000000000004,1.2378910012541353
C,0.15,,0.6819510294213158,0.8863414950964473,1.568292524517763,0.5651633743322152,2.931707475482237,1.30169512107409,2.184303737789417,3.30118770471718,,0.1635261122127153,2.6,1.2321690686980356
C,0.15,,0.6789085736454157,0.8868485710590974,1.565757144704513,0.5664023785926661,2.934242855295487,1.3007073545640317,2.1870011639686884,3.2919740085454863,,0.16279655694679795,2.8000000000000003,1.226499741493582
C,0.15,,0.6758931445123914,0.8873511425812681,1.5632442870936596,0.5676343421865349,2.9367557129063404,1.2996857392627237,2.1896761507208455,3.282854844677794,,0.1620734824421743,3.0,1.2208822981299223
C,0.15,,0.6729043834914125,0.8878492694180979,1.5607536529095105,0.5688593249568858,2.9392463470904895,1.2986312871353751,2.19232897561875,3.273828791525136,,0.16135680272617134,3.2,1.215316030220135
C,0.15,,0.6699419383653415,0.8883430102724431,1.5582849486377848,0.5700773860705073,2.9417150513622152,1.297544982457036,2.1949599116997174,3.264894455469956,,0.16064643334008658,3.4000000000000004,1.209800242204407
C,0.15,,0.6670054630923645,0.8888324228179393,1.5558378859103037,0.5712885840274375,2.9441621140896963,1.2964277826348034,2.1975692275572243,3.256050470188995,,0.159942291306008,3.6,1.204334251061226
C,0.15,,0.6640946176712416,0.8893175637214598,1.5534121813927013,0.572492976670331,2.9465878186072985,1.2952806190028827,2.2001571874304173,3.2472954959955818,,0.1592442950945024,3.8000000000000003,1.1989173860263318
C,0.15,,0.6612090680100756,0.8897984886649875,1.5510075566750632,0.5736906211936662,2.948992443324937,1.294104397591508,2.2027240512914874,3.238628219200681,,0.1585523645931472,4.0,1.193548988319195
C,0.15,,0.6583484857984827,0.8902752523669195,1.5486237381654022,0.5748815741527997,2.951376261834598,1.2928999998706612,2.2052700749309464,3.230047351492085,,0.15786642107587798,4.2,1.1882284108767742
C,0.15,,0.655512548383069,0.8907479086028218,1.5462604569858909,0.5760658914728682,2.953739543014109,1.2916682834695221,2.2077955100409032,3.2215516293311617,,0.15718638717312883,4.4,1.1829550180943427
C,0.15,,0.6527009386461118,0.8912165102256481,1.5439174488717597,0.5772436284575432,2.9560825511282403,1.290410082872522,2.2103006042963482,3.213139813366563,,0.1565121868427412,4.6000000000000005,1.1777281855731552
C,0.15,,0.6499133448873484,0.891681109185442,1.5415944540727904,0.5784148397976391,2.9584055459272096,1.2891262100928427,2.2127856014345397,3.20481068786438,,0.15584374534161785,4.800000000000001,1.1725472998747482
C,0.15,,0.6471494607087827,0.8921417565485362,1.5392912172573188,0.5795795795795796,2.9607087827426812,1.2878174553241801,2.2152507413325226,3.196563060154178,,0.15518098919810028,5.0,1.1674117582816754
C,0.15,,0.644408984902418,0.8925985025162636,1.5370074874186817,0.580737901293723,2.9629925125813186,1.2864845875715454,2.2176962600828296,3.1883957600904296,,0.15452384618504833,5.2,1.1623209685644789
C,0.15,,0.6416916213408299,0.893051396443195,1.5347430177840249,0.5818898578425516,2.9652569822159753,1.285128355261851,2.220122390067422,3.180307639528828,,0.15387224529360005,5.4,1.1572743487547044
C,0.15,,0.6389970788704965,0.8935004868549172,1.5324975657254138,0.5830355015487253,2.967502434274586,1.2837494868350068,2.2225293600299225,3.172297571817026,,0.15322611670759353,5.6000000000000005,1.1522713269237879
C,0.15,,0.6363250712078057,0.8939458214653657,1.5302708926731714,0.5841748841630034,2.9697291073268284,1.2823486913162088,2.224917395146163,3.1643644512993307,,0.15258539177863026,5.800000000000001,1.1473113409676279
C,0.15,,0.6336753168376584,0.8943874471937237,1.528062764031382,0.585308056872038,2.971937235968618,1.2809266588700887,2.2272867170931168,3.156507192834918,,0.15195000300176087,6.0,1.1423938383966779
C,0.15,,0.6310475389145983,0.8948254101809003,1.5258729490954988,0.586435070306038,2.9741270509045012,1.2794840613373606,2.2296375441162497,3.148724731329144,,0.151319883991777,6.2,1.1375182761313944
C,0.15,,0.6284414651663874,0.8952597558056021,1.5237012209719896,0.5875559745463116,2.9762987790280104,1.2780215527545793,2.2319700910953184,3.141016021277527,,0.15069496946008964,6.4,1.1326841203028841
C,0.15,,0.6258568277999642,0.895690528700006,1.5215473564999702,0.588670819132683,2.97845264350003,1.2765397698575955,2.234284569608689,3.1333800363220323,,0.15007519519217843,6.6000000000000005,1.1278908460585906
C,0.15,,0.6232933634097115,0.8961177727650481,1.5194111361747598,0.5897796530707923,2.9805888638252402,1.2750393325692786,2.2365811879961712,3.1258157688192547,,0.14946049802559525,6.800000000000001,1.1231379373728776
C,0.15,,0.6207508128879693,0.8965415311853384,1.5172923440733077,0.5908825248392753,2.982707655926692,1.2735208444720516,2.238860151420453,3.118322229420127,,0.14885081582850593,7.0,1.118424886862369
C,0.15,,0.6182289213377296,0.8969618464437117,1.5151907677814411,0.5919794823968292,2.984809232218559,1.2719848932657574,2.241121661927138,3.1108984466608334,,0.14824608747875515,7.2,1.1137511956058945
C,0.15,,0.6157274379874509,0.8973787603354249,1.5131061983228757,0.593070573189164,2.986893801677124,1.2704320512113676,2.243365918503432,3.103543466564544,,0.1476462528434397,7.4,1.1091163729689215
C,0.15,,0.6132461161079313,0.8977923139820114,1.5110384300899429,0.5941558441558441,2.988961569910057,1.268862875561014,2.245593117135524,3.0962563522536506,,0.14705125275897546,7.6000000000000005,1.104519936432335
C,0.15,,0.6107847129311849,0.8982025478448026,1.5089872607759873,0.5952353417370188,2.9910127392240127,1.2672779089748107,2.247803450864684,3.0890361835722118,,0.14646102901164432,7.800000000000001,1.099961411425443
C,0.15,,0.6083429895712631,0.8986095017381228,1.506952491309386,0.5963091118800461,2.993047508690614,1.265677679924916,2.2499971098421123,3.081882056718258,,0.1458755243186082,8.0,1.0954403311630851
C,0.15,,0.6059207109469675,0.8990132148421721,1.5049339257891396,0.597377200046014,2.99506607421086,1.2640627030872695,2.252174281382572,3.0747930838856816,,0.14529468230937606,8.200000000000001,1.090956236486733
C,0.15,,0.6035176457064031,0.8994137257155995,1.5029313714220027,0.5984396512161542,2.9970686285779973,1.262433479721412,2.254335150016847,3.0677683929154234,,0.14471844750771226,8.4,1.0865086757094553
C,0.15,,0.6011335661533177,0.8998110723077803,1.500944638461098,0.5994965098981576,2.999055361538902,1.2607904980388,2.256479897543032,3.060807126955665,,0.14414676531397363,8.6,1.0820972044646566
C,0.15,,0.5987682481751825,0.9002052919708029,1.4989735401459854,0.6005478201323898,3.001026459854015,1.2591342335599927,2.2586087030767157,3.053908444130781,,0.1435795819878637,8.8,1.0777213855584675
C,0.15,,0.5964214711729622,0.9005964214711729,1.497017892644135,0.601593625498008,3.002982107355865,1.2574651494610865,2.260721743100048,3.047071517218755,,0.143016844631592,9.0,1.073380788825694
C,0.15,,0.5940930179925314,0.9009844970012447,1.4950775149937763,0.6026339691189827,3.0049224850062237,1.2557836969097533,2.262819191509758,3.0402955333368533,,0.14245850117342865,9.200000000000001,1.0690749909892194
C,0.15,,0.5917826748576904,0.9013695541903849,1.4931522290480754,0.603668893670026,3.0068477709519246,1.2540903153912297,2.26490121966412,3.033579693635274,,0.14190450035164165,9.4,1.0648035755227685
C,0.15,,0.5894902313047383,0.901751628115877,1.4912418594206152,0.6046984413824261,3.008758140579385,1.2523854330245852,2.266967996428904,3.0269232129985615,,0.14135479169880852,9.600000000000001,1.060566132516935
C,0.15,,0.5872154801185616,0.9021307533135731,1.4893462334321348,0.6057226540497915,3.010653766567865,1.2506694668695957,2.2690196882223446,3.020325319754554,,0.14080932552649056,9.8,1.056362258548389
C,0.15,,0.5849582172701949,0.9025069637883009,1.4874651810584958,0.6067415730337079,3.0125348189415044,1.248942823224525,2.271056459059132,3.0137852553906317,,0.14026805291026057,10.0,1.0521915565521684
C,0.15,,0.5827182418558189,0.9028802930240302,1.485598534879849,0.6077552392693041,3.0144014651201507,1.2472058979151137,2.273078470593476,3.007302274277079,,0.13973092567507506,10.200000000000001,1.0480536356969774
C,0.15,,0.5804953560371516,0.903250773993808,1.4837461300309598,0.6087636932707355,3.01625386996904,1.2454590765750653,2.27508588216124,3.00087564339733,,0.1391978963809806,10.4,1.043948111263407
C,0.15,,0.578289364983202,0.9036184391694663,1.4819078041526683,0.6097669751365815,3.0180921958473315,1.2437027349182985,2.277078850821188,2.9945046420849177,,0.13866891830914674,10.600000000000001,1.0398746045249931
C,0.15,,0.5761000768133436,0.9039833205311094,1.480083397344453,0.6107651245551602,3.019916602655547,1.2419372390032417,2.2790575313953516,2.988188561766924,,0.13814394544821562,10.8,1.0358327426320464
C,0.15,,0.5739273025416781,0.904345449576387,1.4782727521180652,0.6117581808097614,3.021727247881935,1.2401629454894172,2.2810220765085525,2.9819267057137515,,0.1376229324809608,11.0,1.031822158498167
C,0.15,,0.571770856022653,0.9047048573295579,1.4764757133522108,0.6127461827838018,3.023524286647789,1.2383802018865717,2.282972636627087,2.9757183887950256,,0.13710583477124685,11.200000000000001,1.0278424906893826
C,0.15,,0.5696305538979005,0.90506157435035,1.4746921282482504,0.6137291689658979,3.0253078717517496,1.2365893467965843,2.284909360096602,2.9695629372414794,,0.1365926083512818,11.4,1.0238933833158284
C,0.15,,0.5675062155442655,0.9054156307426224,1.472921846286888,0.6147071774548657,3.027078153713112,1.234790710148389,2.286832393179182,2.963459688412619,,0.13608320990915457,11.600000000000001,1.0199744859259123
C,0.15,,0.5653976630229928,0.9057670561628345,1.4711647191858273,0.6156802459646425,3.0288352808141727,1.2329846134261309,2.2887418800896624,2.9574079905700277,,0.13557759677665054,11.8,1.0160854534028927
C,0.15,,0.5633047210300429,0.9061158798283262,1.4694206008583692,0.6166484118291347,3.0305793991416308,1.2311713698907696,2.2906379630311844,2.9514072026561555,,0.13507572691733785,12.0,1.0122259458638028
C,0.15,,0.5612272168475064,0.9064621305254156,1.467689347372922,0.6176117120069923,3.032310652627078,1.2293512847953438,2.2925207822300266,2.9454566940784153,,0.1345775589149167,12.200000000000001,1.0083956285606697
C,0.15,,0.5591649802960912,0.9068058366173182,1.4659708169134094,0.6185701830863122,3.0340291830865906,1.227524655594087,2.294390475969703,2.9395558444984737,,0.1340830519618265,12.4,1.0045941717839537
C,0.15,,0.5571178436886507,0.9071470260518916,1.4642648697405423,0.6195238612892706,3.0357351302594577,1.2256917721455967,2.296247180624374,2.933704043626558,,0.13359216584810196,12.600000000000001,1.0008212507681633
C,0.15,,0.5550856417847326,0.9074857263692112,1.4625713681539438,0.6204727824766861,3.037428631846056,1.2238529169102377,2.2980910306915643,2.927900691020671,,0.13310486095047463,12.8,0.9970765455995793
C,0.15,,0.5530682117461154,0.9078219647089808,1.4608901764550963,0.6214169821525148,3.0391098235449037,1.2220083651419635,2.2999221588242214,2.9221451958905504,,0.1326210982217107,13.0,0.9933597411260392
C,0.15,,0.5510653930933138,0.9081557678177811,1.459221160911095,0.6223564954682779,3.040778839088905,1.220158385074725,2.30174069586211,2.9164369769062715,,0.1321408391801815,13.200000000000001,0.9896705268687229
C,0.15,,0.5490770276630236,0.9084871620561628,1.4575641897191862,0.6232913572274245,3.042435810280814,1.2183032381036407,2.3035467708625816,2.9107754620113413,,0.1316640458996589,13.4,0.9860085969358964
C,0.15,,0.547102959566486,0.9088161734055856,1.4559191329720718,0.6242216018896285,3.0440808670279282,1.2164431789610823,2.305340511130715,2.9051600882401853,,0.13119068099933187,13.600000000000001,0.9823736499385511
C,0.15,,0.5451430351487462,0.9091428274752089,1.454285862623955,0.6251472635750241,3.045714137376045,1.2145784558878416,2.307122042248852,2.8995903015398783,,0.13072070763403654,13.8,0.9787653889079047
C,0.15,,0.5431971029487843,0.9094671495085359,1.4526642524573203,0.626068376068376,3.0473357475426797,1.2127093107995233,2.3088914881055445,2.8940655565960456,,0.13025408948469622,14.0,0.9751835212147018
C,0.15,,0.541265013660498,0.909789164389917,1.451054178050415,0.6269849728231909,3.048945821949585,1.2108359794483117,2.310648970923911,2.8885853166627724,,0.12979079074896527,14.200000000000001,0.9716277584902796
C,0.15,,0.5393466200945141,0.9101088966509143,1.4494555167454284,0.6278970869657665,3.050544483254572,1.208958691580255,2.3123946112894336,2.883149053396471,,0.129330776132072,14.4,0.9680978165493477
C,0.15,,0.5374417771408098,0.9104263704765317,1.4478681476173416,0.6288047512991833,3.0521318523826584,1.2070776710881999,2.3141285281772133,2.8777562466935427,,0.12887401083785524,14.600000000000001,0.9645934153144397
C,0.15,,0.5355503417321228,0.9107416097113129,1.4462919514434356,0.6297079983072367,3.0537080485565644,1.2051931361605115,2.3158508389786605,2.872406384531779,,0.12842046055999068,14.8,0.9611142787419976
C,0.15,,0.5336721728081322,0.9110546378653113,1.4447268106734434,0.6306068601583114,3.055273189326557,1.2033052994257059,2.3175616595276805,2.8670989628153816,,0.12797009147340166,15.0,0.957660134750044
C,0.15,,0.531807131280389,0.9113654781199352,1.443172609400324,0.6315013687092019,3.056827390599676,1.2014143680931153,2.3192611041263342,2.861833485223503,,0.12752287022584977,15.200000000000001,0.9542307151474037
C,0.15,,0.5299550799979812,0.9116741533336699,1.4416292333316512,0.632391555508875,3.058370766668349,1.1995205440897119,2.3209492855699914,2.85660946306223,,0.1270787639297016,15.4,0.950825755564439
C,0.15,,0.528115883713912,0.9119806860476813,1.4400965697615935,0.6332774518021793,3.0599034302384065,1.1976240241931975,2.322626315171998,2.8514264151199047,,0.1266377401538667,15.600000000000001,0.9474449953852566
C,0.15,,0.5262894090521778,0.9122850984913037,1.4385745075434815,0.6341590885335006,3.0614254924565185,1.1957250001614776,2.3242923027878626,2.8462838675257114,,0.12619976691590284,15.8,0.944088177681352
C,0.15,,0.5244755244755245,0.9125874125874126,1.437062937062937,0.635036496350365,3.062937062937063,1.193823658858624,2.3259473568389657,2.8411813536114234,,0.1257648126742846,16.0,0.9407550491466576
C,0.15,,0.5226741002538703,0.9128876499576882,1.4355617502115585,0.6359097056069906,3.0644382497884415,1.1919201823774292,2.3275915843358126,2.8361184137762523,,0.1253328463208312,16.2,0.9374453600339556
C,0.15,,0.5208850084333763,0.9131858319277706,1.4340708403611468,0.6367787463677875,3.065929159638853,1.1900147481586605,2.3292250909008434,2.8310945953546995,,0.12490383717328987,16.400000000000002,0.9341588640926284
C,0.15,,0.5191081228061502,0.9134819795323083,1.4325901023384584,0.6376436484108086,3.0674098976615416,1.1881075291071004,2.3308479807907934,2.8261094524873442,,0.12447775496807126,16.6,0.9308953185077067
C,0.15,,0.5173433188805676,0.9137761135199054,1.431119432400473,0.6385044412311506,3.068880567599527,1.1861986937044784,2.332460356918629,2.821162545994489,,0.12405456985313251,16.8,0.9276544838401899
C,0.15,,0.5155904738521974,0.9140682543579671,1.4296587282101645,0.639361154044307,3.0703412717898355,1.1842884061193795,2.334062320875064,2.816253443252587,,0.12363425238100552,17.0,0.9244361239686065
C,0.15,,0.5138494665753157,0.9143584222374473,1.428207888812763,0.6402138157894737,3.071792111187237,1.1823768263142198,2.3356539729496624,2.811381718073391,,0.12321677350196622,17.2,0.9212400060317805
C,0.15,,0.5121201775349948,0.9146466370775008,1.4267668146124957,0.6410624551328069,3.0732331853875046,1.1804641101493747,2.3372354121515446,2.8065469505857354,,0.12280210455734172,17.400000000000002,0.9180659003727808
C,0.15,,0.510402488819755,0.9149329185300409,1.425335407349796,0.6419071004706364,3.074664592650204,1.1785504094845423,2.3388067362296945,2.801748727119907,,0.12239021727295245,17.6,0.9149135804840214
C,0.15,,0.5086962840947629,0.9152172859842062,1.4239135700789691,0.6427477799326323,3.076086429921031,1.1766358722774242,2.340368041692889,2.79698664009452,,0.12198108375268532,17.8,0.9117828229534868
C,0.15,,0.5070014485755674,0.9154997585707387,1.4225012071463061,0.6435845213849287,3.077498792853694,1.1747206426797976,2.3419194238292427,2.7922602879058513,,0.12157467647219593,18.0,0.9086734074120535
C,0.15,,0.5053178690023582,0.9157803551662737,1.4210982241686319,0.6444173524332012,3.078901775831368,1.1728048611310569,2.343460976725399,2.787569274819555,,0.12117096827273582,18.2,0.905585116481884
C,0.15,,0.5036454336147352,0.9160590943975441,1.4197045280122793,0.6452463004257044,3.0802954719877205,1.170888664449299,2.3449927932853463,2.7829132108647086,,0.12076993235510253,18.400000000000002,0.9025177357258678
C,0.15,,0.5019840321269781,0.9163359946455036,1.4183200267724816,0.6460713924562645,3.0816799732275184,1.168972185920019,2.3465149652488937,2.778291711730134,,0.1203715422737093,18.6,0.8994710535980832
C,0.15,,0.5003335557038026,0.9166110740493663,1.4169446297531687,0.6468926553672317,3.0830553702468313,1.1670555553824855,2.348027583209798,2.773704398662929,,0.11997577193077183,18.8,0.8964448613952554
C,0.15,,0.49869389693659466,0.9168843505105676,1.4155782474471623,0.6477101157523905,3.0844217525528377,1.1651388993138654,2.3495307366335556,2.7691508983691606,,0.11958259557060924,19.0,0.8934389532091913
C,0.15,,0.4970649498201098,0.9171558416966483,1.4142207915167582,0.6485237999598312,3.085779208483242,1.1632223409111582,2.3510245138748624,2.7646308429166653,,0.11919198777405687,19.200000000000003,0.8904531258801645
C,0.15,,0.4954466097296278,0.917425565045062,1.4128721747746897,0.64933373409478,3.08712782522531,1.1613060001710056,2.352509002194754,2.7601438696399065,,0.11880392345298815,19.400000000000002,0.8874871789512302
C,0.15,,0.4938387733985514,0.9176935377669081,1.4115323111654594,0.6501399440223911,3.0884676888345406,1.15938999396743,2.353984287777431,2.755689621046833,,0.11841837784494298,19.6,0.8845409146234473
C,0.15,,0.4922413388964419,0.917959776850593,1.4102011157470349,0.6509424553704997,3.089798884252965,1.1574744361275693,2.355450455746772,2.7512677447276994,,0.11803532650786076,19.8,0.8816141377119867
C,0.15,,0.4906542056074767,0.9182242990654206,1.4088785046728973,0.6517412935323382,3.0911214953271027,1.1555594375054592,2.3569075901825487,2.746877893265788,,0.11765474531491485,20.0,0.8787066556031096
C,0.15,,0.48907727420932506,0.9184871209651125,1.4075643951744377,0.6525364836692147,3.092435604825562,1.1536451060539166,2.358355774136343,2.7425197241499992,,0.117276610449447,20.200000000000003,0.8758182782119874
C,0.15,,0.48751044665242826,0.918748258891262,1.4062587055436904,0.6533280507131537,3.0937412944563096,1.151731546894582,2.3597950896471755,2.738192899689261,,0.11690089839999895,20.400000000000002,0.8729488179413535
C,0.15,,0.48595362613967696,0.9190077289767205,1.4049613551163973,0.6541160193695029,3.0950386448836027,1.1498188623861674,2.361225617756848,2.7338970869287023,,0.11652758595543933,20.6,0.87009808964096
C,0.15,,0.48440671710647726,0.9192655471489205,1.4036722642553978,0.6549004141195031,3.096327735744602,1.1479071521909627,2.3626474385250127,2.729631957567574,,0.11615665020018351,20.8,0.8672659105678246
C,0.15,,0.48286962520119564,0.919521729133134,1.4023913543343296,0.6556812592228235,3.0976086456656704,1.1459965133396506,2.3640606310439662,2.72539718787884,,0.11578806850950459,21.0,0.8644521003472543
C,0.15,,0.48134225726597596,0.9197762904556707,1.4011185477216466,0.6564585787200629,3.0988814522783534,1.1440870402944707,2.3654652734531822,2.7211924586304397,,0.11542181854493341,21.200000000000003,0.8616564809346166
C,0.15,,0.479824521317918,0.9200292464470137,1.3998537677649316,0.6572323964352169,3.100146232235068,1.142178825010785,2.3668614429535797,2.717017455008141,,0.11505787824974534,21.400000000000002,0.8588788765778539
C,0.15,,0.4783163265306123,0.920280612244898,1.3985969387755102,0.6580027359781122,3.10140306122449,1.1402719569970845,2.368249215821533,2.712871866539983,,0.11469622584453251,21.6,0.8561191137807163
C,0.15,,0.4768175832160211,0.9205304027973298,1.3973479860133509,0.658769620746807,3.102652013986649,1.1383665233734839,2.369628667422643,2.708755387022243,,0.11433683982285898,21.8,0.853377021266701
C,0.15,,0.47532820280669996,0.9207786328655501,1.3961068356722501,0.659533073929961,3.10389316432775,1.1364626089287395,2.3709998722252545,2.7046677144469085,,0.11397969894699765,22.0,0.8506524299436786
C,0.15,,0.47384809783835014,0.9210253170269417,1.394873414865292,0.660293118509172,3.105126585134708,1.1345602961758392,2.372362903813735,2.700608550930607,,0.11362478224374646,22.200000000000003,0.8479451728691978
C,0.15,,0.47237718193269745,0.9212704696778837,1.3936476516105811,0.6610497772612822,3.106352348389419,1.1326596654061953,2.3737178349015258,2.6965776026449784,,0.1132720690003229,22.400000000000002,0.8452550852164438
C,0.15,,0.470915369780688,0.921514105036552,1.3924294748172399,0.6618030727606532,3.1075705251827603,1.1307607947424831,2.375064737343952,2.692574579748434,,0.11292153876033446,22.6,0.8425820042408443
C,0.15,,0.4694625771259948,0.9217562371456676,1.3912188142716624,0.6625530273814115,3.1087811857283376,1.1288637601901605,2.3764036821508205,2.6885991963192817,,0.11257317131982374,22.8,0.8399257692473061
C,0.15,,0.46801872074883,0.921996879875195,1.390015600624025,0.6632996632996633,3.109984399375975,1.1269686356877053,2.3777347394987842,2.6846511702901816,,0.11222694672338657,23.0,0.8372862215580668
C,0.15,,0.4665837184500533,0.9222360469249912,1.3888197653750445,0.6640430024956806,3.1111802346249555,1.125075493155603,2.379057978743503,2.6807302233839154,,0.1118828452603616,23.200000000000003,0.8346632044811497
C,0.15,,0.46515748903557347,0.9224737518274044,1.3876312408629778,0.6647830667560579,3.112368759137022,1.1231844025441213,2.380373468431583,2.676836081050417,,0.11154084746108969,23.400000000000002,0.8320565632794102
C,0.15,,0.46373995230103343,0.9227100079498277,1.386449960250861,0.665519877675841,3.113550039749139,1.1212954318798993,2.381681276312314,2.672968472405045,,0.11120093409324164,23.6,0.8294661451401557
C,0.15,,0.46233102901677603,0.9229448284972039,1.3852758575139799,0.6662534566606275,3.11472414248602,1.1194086473113904,2.3829814693491995,2.669127130168082,,0.1108630861582131,23.8,0.826891799145334
C,0.15,,0.4609306409130816,0.9231782265144864,1.3841088674275681,0.6669838249286394,3.1158911325724317,1.1175241131531823,2.384274113731297,2.6653117906054096,,0.1105272848875846,24.0,0.8243333762422713
C,0.15,,0.4595387106656747,0.9234102148890542,1.382948925554729,0.6677110035127694,3.1170510744452713,1.11564189192923,2.385559274884348,2.6615221934703435,,0.11019351173964628,24.200000000000003,0.8217907292149533
C,0.15,,0.4581551618814905,0.9236408063530849,1.3817959682345755,0.6684350132625995,3.1182040317654245,1.1137620444150222,2.3868370174817306,2.6577580819466156,,0.10986174839598471,24.400000000000002,0.8192637126558295
C,0.15,,0.45677991908470006,0.9238700134858833,1.3806499325705834,0.6691558748463937,3.1193500674294166,1.111884629678725,2.3881074054552194,2.6540192025924485,,0.10953197675813188,24.6,0.816752182938144
C,0.15,,0.45541290770298404,0.9240978487161693,1.3795107564191533,0.6698736087530655,3.1204892435808467,1.1100097051213087,2.3893705020055567,2.6503053052857215,,0.10920417894427384,24.8,0.8142559981887627
C,0.15,,0.4540540540540541,0.9243243243243243,1.3783783783783785,0.6705882352941176,3.1216216216216215,1.1081373265157048,2.3906263696128565,2.6466161431701973,,0.10887833728601849,25.0,0.8117750182615047
C,0.15,,0.45270328533241355,0.9245494524445977,1.3772527377770114,0.6712997746055597,3.1227472622229886,1.106267548045006,2.391875070046816,2.642951472602779,,0.10855443432522108,25.200000000000003,0.8093091047109537
C,0.15,,0.45136052959635475,0.9247732450672742,1.376133774663629,0.6720082466497984,3.123866225336371,1.1044004223397375,2.3931166643767705,2.6393110531017827,,0.10823245281086609,25.400000000000002,0.806858120766746
C,0.15,,0.450025715755186,0.9249957140408024,1.3750214297959884,0.6727136712175051,3.1249785702040116,1.102536000514227,2.3943512129815616,2.6356946472961984,,0.10791237569600452,25.6,0.804421931308323
C,0.15,,0.44869877355668564,0.9252168710738857,1.3739156446305714,0.6734160679294579,3.1260843553694286,1.100674332202094,2.395578775559254,2.6321020208759243,,0.10759418613474542,25.8,0.8020004028401393
C,0.15,,0.44737963357477634,0.9254367277375373,1.3728163613123137,0.6741154562383612,3.1271836386876863,1.098815465590881,2.396799411136682,2.628532942542938,,0.10727786747930028,26.0,0.7995934034673169
C,0.15,,0.446068227197417,0.9256552954670971,1.3717235226645141,0.674811855430642,3.128276477335486,1.0969594474558513,2.3980131780788376,2.624987183963401,,0.10696340327707962,26.200000000000003,0.7972008028717339
C,0.15,,0.4447644866147069,0.9258725855642155,1.3706370721789223,0.6755052846282218,3.1293629278210777,1.0951063231929723,2.3992201340980968,2.6214645197206696,,0.10665077726784046,26.400000000000002,0.794822472288541
C,0.15,,0.4434683448071969,0.9260886091988005,1.3695569540059975,0.6761957627902673,3.1304430459940025,1.0932561368511078,2.4004203362633056,2.617964727269185,,0.10633997338088345,26.6,0.7924582844830974
C,0.15,,0.44217973553440576,0.9263033774109324,1.368483112945338,0.6768833087149188,3.131516887054662,1.0914089311634405,2.4016138410087002,2.614487586889232,,0.10603097573229922,26.8,0.7901081137283167
C,0.15,,0.44089859332353554,0.9265169011127441,1.3674154944362797,0.6775679410409949,3.1325845055637203,1.0895647475781387,2.4028007041426873,2.611032881642555,,0.10572376862226232,27.0,0.7877718357824098
C,0.15,,0.43962485345838215,0.9267291910902696,1.3663540445486517,0.6782496782496783,3.1336459554513483,1.0877236262882948,2.403980980856476,2.6076003973287847,,0.10541833653237219,27.200000000000003,0.7854493278670274
C,0.15,,0.4383584519684382,0.9269402580052603,1.3652987099736984,0.6789285386661774,3.1347012900263014,1.0858856062611473,2.405154725732576,2.6041899224426945,,0.10511466412304002,27.400000000000002,0.7831404686457806
C,0.15,,0.4370993256181834,0.9271501123969694,1.3642494380151529,0.6796045404613694,3.135750561984847,1.0840507252666103,2.4063219927531394,2.600801248132237,,0.10481273623092073,27.6,0.7808451382031435
C,0.15,,0.4358474118965589,0.9273587646839069,1.3632061765804657,0.680277701653421,3.1367938234195343,1.0822190199051227,2.4074828353081856,2.5974341681573647,,0.104512537866389,27.8,0.7785632180237223
C,0.15,,0.4346026490066226,0.9275662251655629,1.3621688741721854,0.6809480401093893,3.1378311258278146,1.080390525634841,2.4086373062036754,2.5940884788496117,,0.1042140542110587,28.0,0.7762945909718875
C,0.15,,0.4333649758553799,0.9277725040241034,1.3611374798794833,0.6816155735468025,3.138862520120517,1.0785652767981837,2.4097854576694644,2.5907639790724124,,0.10391727061534432,28.200000000000003,0.7740391412717593
C,0.15,,0.4321343320437896,0.9279776113260351,1.3601119433698248,0.6822803195352215,3.1398880566301752,1.076743306647755,2.410927341367122,2.5874604701821537,,0.10362217259606459,28.400000000000002,0.7717967544875427
C,0.15,,0.4309106578569377,0.9281815570238438,1.3590922148807816,0.6829422954977805,3.1409077851192184,1.0749246473716514,2.4120630083976202,2.5841777559899395,,0.10332874583408617,28.6,0.769567317504199
C,0.15,,0.42969389425437876,0.9283843509576035,1.3580782452119822,0.6836015187127102,3.141921754788018,1.0731093301181749,2.4131925093089124,2.580915642724048,,0.10303697617200759,28.8,0.767350718508454
C,0.15,,0.42848398286064066,0.9285860028565599,1.3570699857172006,0.6842580063148399,3.1429300142827996,1.0712973850199674,2.4143158941033693,2.577673938993083,,0.10274684961188237,29.0,0.765146846970131
C,0.15,,0.4272808659558883,0.9287865223406853,1.3560673882965735,0.6849117752970832,3.1439326117034265,1.0694888412175771,2.415433212245113,2.5744524557497765,,0.10245835231298028,29.200000000000003,0.7629555936238059
C,0.15,,0.4260844864667451,0.9289859189222092,1.3550704053889544,0.6855628425119037,3.1449295946110456,1.0676837268824715,2.4165445126672243,2.571251006255462,,0.1021714705895864,29.400000000000002,0.7607768504507731
C,0.15,,0.4248947879572677,0.929184202007122,1.3540789899643897,0.6862112246727632,3.14592101003561,1.0658820692395168,2.417649843778837,2.5680694060451765,,0.1018861909088369,29.6,0.7586105106613228
C,0.15,,0.42371171462007184,0.9293813808966547,1.3530930955167264,0.6868569383555516,3.1469069044832736,1.0640838945889286,2.4187492534721184,2.5649074728934003,,0.10160249988859116,29.8,0.7564564686773159
C,0.15,,0.4225352112676057,0.9295774647887324,1.352112676056338,0.6875,3.147887323943662,1.0622892283277128,2.4198427891291403,2.5617650267804004,,0.10132038429533914,30.0,0.7543146201150566
C,0.15,,0.4213652233235684,0.9297724627794053,1.3511376861029736,0.6881404259110755,3.1488623138970264,1.0604980949706078,2.4209304976286425,2.5586418898591843,,0.10103983104214366,30.200000000000003,0.7521848617684546
C,0.15,,0.42020169681447095,0.9299663838642548,1.3501680806787257,0.6887782322603593,3.149831919321274,1.0587105181705403,2.422012425352676,2.555537886423037,,0.10076082718661668,30.400000000000002,0.7500670915924708
C,0.15,,0.41904457836133613,0.9301592369397773,1.3492038153011134,0.6894134350874079,3.1507961846988866,1.0569265207386065,2.4230886181931663,2.552452842873638,,0.10048335992892914,30.6,0.7479612086868408
C,0.15,,0.4178938151715355,0.9303510308047441,1.3482448459762797,0.6900460503010981,3.1517551540237205,1.055146124663591,2.424159121558349,2.549386587689742,,0.10020741660985345,30.8,0.7458671132800723
C,0.15,,0.41674935503076005,0.9305417741615399,1.3472911291923,0.6906760936809545,3.1527088708077002,1.0533693511310331,2.42522398037912,2.5463389513964128,,0.09993298470883816,31.0,0.7437847067137098
C,0.15,,0.41561114629512347,0.9307314756174794,1.346342621912603,0.6913035808784618,3.153657378087397,1.0515962205418568,2.4262832391152713,2.5433097665348035,,0.09966005184211436,31.200000000000003,0.7417138914268615
C,0.15,,0.4144791378833932,0.9309201436861011,1.3453992815694944,0.691928527418361,3.1546007184305056,1.0498267525305676,2.427336941761653,2.5402988676324587,,0.0993886057608328,31.400000000000002,0.739654570940985
C,0.15,,0.41335327926934884,0.9311077867884419,1.3444610660577907,0.6925509486999297,3.1555389339422093,1.048060965983031,2.4283851318542116,2.5373060911741465,,0.09911863434923145,31.6,0.7376066498449209
C,0.15,,0.41223352047426487,0.9312944132542892,1.343527933728554,0.6931708599982468,3.156472066271446,1.046298879053846,2.4294278524759525,2.534331275573195,,0.09885012562283294,31.8,0.7355700337801807
C,0.15,,0.4111198120595145,0.9314800313234143,1.3425998433829287,0.6937882764654418,3.1574001566170713,1.0445405091833162,2.4304651462628066,2.531374261143329,,0.09858306772667101,32.0,0.7335446294264714
C,0.15,,0.41001210511929403,0.9316646491467844,1.3416767542660784,0.6944032131319305,3.1583232457339214,1.042785873114034,2.4314970554094026,2.528434890070998,,0.09831744893354594,32.2,0.7315303444874608
C,0.15,,0.4089103512734637,0.931848274787756,1.3407586260612196,0.6950156849076333,3.15924137393878,1.0410349869070854,2.432523621674752,2.5255130063881794,,0.09805325764230773,32.4,0.729527087676777
C,0.15,,0.4078145026605042,0.9320309162232493,1.3398454188837534,0.6956257065831811,3.1601545811162466,1.0392878659578846,2.433544886387849,2.522608455945657,,0.09779048237616723,32.6,0.7275347687042353
C,0.15,,0.4067245119305856,0.9322125813449024,1.338937093275488,0.6962332928311057,3.1610629067245117,1.0375445250116457,2.434560890453179,2.519721086386757,,0.09752911178103413,32.800000000000004,0.7255532982622893
C,0.15,,0.40564033223874835,0.9323932779602087,1.338033610198957,0.6968384582070161,3.161966389801043,1.0358049781785075,2.435571674356148,2.5168507471215325,,0.0972691346238817,33.0,0.7235825880127063
C,0.15,,0.4045619172381906,0.9325730137936349,1.3371349310318255,0.6974412171507608,3.1628650689681743,1.0340692389483057,2.436577278168429,2.5139972893013973,,0.0970105397911373,33.2,0.7216225505734537
C,0.15,,0.40348922107366564,0.9327517964877224,1.3362410175613881,0.6980415839875765,3.163758982438612,1.0323373202050183,2.4375777415532207,2.5111605657941882,,0.09675331628709902,33.4,0.7196730995058009
C,0.15,,0.4024221983749808,0.9329296336041699,1.3353518319791506,0.6986395729292234,3.1646481680208494,1.0306092342408772,2.4385731037704317,2.508340431159649,,0.09649745323237686,33.6,0.7177341493016293
C,0.15,,0.401360804250602,0.9331065326248996,1.3344673368755016,0.6992351980751053,3.165532663124498,1.0288849927701635,2.439563403681789,2.5055367416253445,,0.09624293986235913,33.800000000000004,0.7158056153709444
C,0.15,,0.40030499428135724,0.9332825009531072,1.3335874952344644,0.6998284734133791,3.1664125047655354,1.0271646069426894,2.44054867975586,2.502749355062965,,0.09598976552570254,34.0,0.7138874140295914
C,0.15,,0.3992547245142401,0.9334575459142933,1.3327122704285335,0.7004194128220491,3.1672877295714663,1.025448087356976,2.4415289700730054,2.4999781309650433,,0.09573791968284641,34.2,0.711979462487165
C,0.15,,0.3982099514563107,0.9336316747572816,1.3318416262135924,0.7010080300700495,3.1681583737864076,1.0237354440731337,2.4425043123302594,2.497222930422063,,0.09548739190455013,34.4,0.7100816788351134
C,0.15,,0.39717063206869163,0.9338048946552181,1.3309755267239098,0.7015943388183136,3.16902447327609,1.0220266866254513,2.4434747438461284,2.494483616099944,,0.09523817187045344,34.6,0.7081939820350306
C,0.15,,0.396136723760658,0.933977212706557,1.330113936467215,0.7021783526208305,3.1698860635327852,1.0203218240347047,2.4444403015653284,2.4917600522179177,,0.09499024936765932,34.800000000000004,0.7063162919071371
C,0.15,,0.39510818438381945,0.9341486359360301,1.3292568203198496,0.70276008492569,3.1707431796801506,1.0186208648201855,2.445401022063437,2.4890521045267615,,0.09474361428933878,35.0,0.7044485291189406
C,0.15,,0.39408497222639244,0.9343191712956013,1.3284041435219938,0.7033395490761145,3.1715958564780062,1.0169238170114616,2.4463569415514974,2.4863596402873984,,0.09449825663335751,35.2,0.7025906151740764
C,0.15,,0.39306704600756187,0.9344888256654064,1.3275558716729683,0.7039167583114795,3.1724441283270317,1.0152306881598747,2.447308095880531,2.483682528249859,,0.0942541665009238,35.4,0.7007424724013258
C,0.15,,0.39205436487192896,0.9346576058546785,1.3267119707266075,0.7044917257683214,3.1732880292733925,1.0135414853497775,2.4482545205459987,2.4810206386325824,,0.09401133409525718,35.6,0.6989040239438031
C,0.15,,0.3910468883840452,0.9348255186026592,1.3258724069867043,0.7050644644813349,3.1741275930132957,1.0118562152095225,2.4491962506921916,2.478373843102069,,0.09376974972027773,35.800000000000004,0.6970751937483163
C,0.15,,0.3900445765230312,0.9349925705794948,1.325037147102526,0.7056349873843566,3.1749628528974743,1.0101748839222042,2.4501333211165544,2.4757420147528637,,0.09352940377931566,36.0,0.6952559065548907
C,0.15,,0.3890473896772759,0.9351587683871206,1.3242061580643965,0.7062033073113406,3.1757938419356035,1.0084974972361607,2.45106576627395,2.4731250280878676,,0.09329028677384037,36.2,0.6934460878864581
C,0.15,,0.38805528863921945,0.9353241185601301,1.3233794071993494,0.7067694369973191,3.1766205928006506,1.006824060475243,2.4519936202808523,2.4705227589989764,,0.09305238930220924,36.4,0.6916456640387065
C,0.15,,0.38706823460021383,0.935488627566631,1.3225568621668449,0.7073333890793544,3.177443137833155,1.005154578548854,2.452916916919496,2.4679350847480332,,0.09281570205843542,36.6,0.6898545620700847
C,0.15,,0.3860861891454626,0.9356523018090895,1.3217384909545522,0.7078951760974795,3.1782615090454476,1.0034890559617653,2.453835689641943,2.465361883948093,,0.09258021583097432,36.800000000000004,0.688072709791965
C,0.15,,0.38510911424903727,0.9358151476251605,1.3209242618741976,0.7084548104956269,3.1790757381258024,1.001827496823715,2.454749971574103,2.462803036544993,,0.09234592150152862,37.0,0.686300035758955
C,0.15,,0.3841369722689691,0.9359771712885051,1.3201141435574741,0.7090123046225474,3.179885856442526,1.0001699048587935,2.4556597955196953,2.46025842379922,,0.09211281004387128,37.2,0.6845364692593602
C,0.15,,0.3831697259424151,0.9361383790095975,1.3193081049520126,0.7095676707327193,3.180691895047987,0.99851628341462,2.45656519396415,2.457727928268077,,0.0918808725226865,37.4,0.6827819403057918
C,0.15,,0.3822073383808969,0.9362987769365172,1.318506115317414,0.7101209209872453,3.181493884682586,0.996866635471317,2.4574661990784534,2.455211433788125,,0.09165010009242783,37.6,0.6810363796259202
C,0.15,,0.3812497730656112,0.9364583711557315,1.3177081442213427,0.7106720674547409,3.182291855778657,0.9952209636502856,2.4583628427229374,2.4527088254579263,,0.09142048399619393,37.800000000000004,0.6792997186533678
C,0.15,,0.38029699384281057,0.9366171676928648,1.3169141615356754,0.7112211221122112,3.183085838464325,0.9935792702227868,2.459255156451013,2.450219989621049,,0.0911920155646207,38.0,0.6775718895187419
C,0.15,,0.37934896491925285,0.9367751725134579,1.3161241374327108,0.7117680968459195,3.183875862567289,0.9919415571183317,2.460143171512856,2.4477448138493525,,0.09096468621479019,38.2,0.6758528250408015
C,0.15,,0.37840565085771943,0.9369323915237134,1.315338042381433,0.7123130034522439,3.184661957618567,0.9903078259328915,2.4610269188590346,2.445283186926537,,0.09073848744915587,38.400000000000006,0.6741424587177636
C,0.15,,0.3774670165725995,0.9370888305712334,1.3145558471438328,0.7128558536385265,3.185444152856167,0.9886780779369204,2.4619064291440855,2.442834998831956,,0.09051341085448386,38.6,0.6724407247187341
C,0.15,,0.3765330273255397,0.9372444954457434,1.3137775227712831,0.7133966590239109,3.186222477228717,0.9870523140832059,2.4627817327300385,2.440400140724691,,0.09028944810080965,38.800000000000004,0.6707475578752725
C,0.15,,0.37560364872115903,0.9373993918798068,1.3130030406009658,0.7139354311401717,3.186996959399034,0.9854305350145449,2.463652859689895,2.437978504927864,,0.09006659094041058,39.0,0.6690628936730821
C,0.15,,0.3746788467028262,0.937553525549529,1.3122323722523552,0.7144721814325338,3.187767627747645,0.9838127410712519,2.4645198398110537,2.4355699849132213,,0.08984483120679339,39.2,0.6673866682438259
C,0.15,,0.37375858754849955,0.9377069020752501,1.3114654896237496,0.7150069212604837,3.1885345103762504,0.9821989322984999,2.465382702598688,2.433174475285936,,0.08962416081369655,39.400000000000006,0.6657188183570618
C,0.15,,0.37284283786662886,0.9378595270222285,1.3107023648888574,0.7155396618985695,3.1892976351111426,0.9805891084535047,2.4662414772790746,2.4307918717696717,,0.0894045717541076,39.6,0.6640592814123039
C,0.15,,0.371931564592115,0.9380114059013142,1.3099429704934291,0.7160704145371948,3.190057029506571,0.9789832690125457,2.467096192802879,2.4284220711918634,,0.0891860560992943,39.800000000000004,0.6624079954311961
C,0.15,,0.3710247349823322,0.9381625441696113,1.3091872791519434,0.7165991902834008,3.1908127208480566,0.9773814131778398,2.467946877848394,2.4260649714692404,,0.08896860599785081,40.0,0.6607648990498072
C,0.15,,0.3701223166132045,0.9383129472311326,1.308435263844337,0.7171260001616423,3.191564736155663,0.9757835398842571,2.468793560824723,2.4237204715935685,,0.08875221367475686,40.2,0.6591299315110353
C,0.15,,0.3692242773753428,0.9384626204374429,1.3076868978127858,0.7176508551145531,3.192313102187214,0.9741896478058969,2.4696362698749352,2.42138847161762,,0.08853687143045141,40.400000000000006,0.6575030326571285
C,0.15,,0.36833058547023534,0.9386115690882941,1.3069421545585294,0.7181737660037041,3.1930578454414706,0.9725997353625155,2.4704750328791687,2.419068872641356,,0.08832257163991922,40.6,0.6558841429223158
C,0.15,,0.36744120940649494,0.9387597984322509,1.3062010078387458,0.718694743610352,3.193798992161254,0.9710138007258144,2.4713098774576805,2.4167615767983284,,0.08810930675179092,40.800000000000004,0.6542732033255418
C,0.15,,0.3665561179961599,0.9389073136673067,1.3054634316634666,0.7192137986361814,3.1945365683365337,0.9694318418255921,2.472140830973875,2.4144664872422874,,0.08789706928745601,41.0,0.6526701554633144
C,0.15,,0.3656752803510483,0.9390541199414919,1.3047294002925403,0.7197309417040358,3.1952705997074595,0.9678538563557607,2.4729679205372697,2.412183508134002,,0.08768585184018868,41.2,0.6510749415026524
C,0.15,,0.3647986658791648,0.9392002223534726,1.3039988882326374,0.7202461833586443,3.1960011117673623,0.9662798417802336,2.473791173006437,2.4099125446282734,,0.08747564707428614,41.400000000000006,0.6494875041741399
C,0.15,,0.36392624428115905,0.9393456259531402,1.3032718702342994,0.7207595340673367,3.1967281297657006,0.9647097953386803,2.4746106149918905,2.4076535028611583,,0.08726644772421939,41.6,0.6479077867650773
C,0.15,,0.3630579855468345,0.9394903357421942,1.3025483212890288,0.7212710042207533,3.197451678710971,0.963143714052161,2.475426272858943,2.4054062899373814,,0.08705824659379612,41.800000000000004,0.6463357331127373
C,0.15,,0.36219385995170744,0.9396343566747154,1.3018282166264228,0.7217806041335454,3.198171783373577,0.9615815947286361,2.476238172730519,2.403170813917944,,0.08685103655533553,42.0,0.6447712875977145
C,0.15,,0.3613338380536151,0.9397776936577308,1.3011115317113457,0.7222883440450687,3.1988884682886543,0.9600234339683551,2.477046340489932,2.400946983807917,,0.086644810548855,42.2,0.6432143951373727
C,0.15,,0.360477890689371,0.9399203515517714,1.3003982422411424,0.7227942341200697,3.199601757758858,0.9584692281691297,2.4778508017836174,2.398734709544424,,0.0864395615812681,42.400000000000006,0.6416650011793876
C,0.15,,0.35962598897146963,0.9400623351714217,1.2996883241428914,0.7232982844493636,3.2003116758571086,0.9569189735314926,2.47865158202384,2.396533901984803,,0.08623528272559432,42.6,0.6401230516953809
C,0.15,,0.35877810428483564,0.9402036492858608,1.2989817535706965,0.7238005050505051,3.2010182464293035,0.9553726660637438,2.4794487063913495,2.39434447289495,,0.08603196712017964,42.800000000000004,0.6385884931746475
C,0.15,,0.3579342082836202,0.9403442986193966,1.2982785069030167,0.7243009058684522,3.2017214930969833,0.9538303015868862,2.480242199838015,2.3921663349378344,,0.08582960796792832,43.0,0.6370612726179707
C,0.15,,0.35709427288804246,0.9404842878519929,1.2975785607400354,0.7247994967762226,3.2024214392599646,0.9522918757394558,2.4810320870894103,2.3899994016621995,,0.08562819853554543,43.2,0.6355413375315275
C,0.15,,0.3562582702812744,0.9406236216197876,1.296881891901062,0.7252962875755435,3.2031181080989377,0.9507573839822474,2.4818183926473765,2.387843587491409,,0.08542773215278993,43.400000000000006,0.6340286359208807
C,0.15,,0.35542617290637063,0.9407623045156049,1.2961884774219756,0.7257912879974929,3.2038115225780244,0.9492268216029355,2.482601140792535,2.385698807712487,,0.08522820221173846,43.6,0.6325231162850542
C,0.15,,0.35459795346324,0.94090034108946,1.2954982945527,0.7262845077031359,3.2045017054473,0.9477001837205978,2.4833803555867866,2.383564978465304,,0.08502960216605915,43.800000000000004,0.6310247276106966
C,0.15,,0.3537735849056604,0.9410377358490566,1.294811320754717,0.726775956284153,3.205188679245283,0.9461774652901388,2.4841560608757565,2.381442016731933,,0.08483192553029574,44.0,0.6295334193663225
C,0.15,,0.35295304043833403,0.9411744932602777,1.2941275336986118,0.7272656432634614,3.205872466301388,0.944658661106619,2.484928280291222,2.3793298403261574,,0.08463516587916156,44.2,0.6280491414966398
C,0.15,,0.35213629351398484,0.9413106177476692,1.293446911261654,0.7277535780958307,3.206553088738346,0.94314376580949,2.4856970372534963,2.37722836788314,,0.08443931684684343,44.400000000000006,0.6265718444169541
C,0.15,,0.35132331783049486,0.9414461136949175,1.2927694315254123,0.7282397701684913,3.2072305684745874,0.9416327738867359,2.4864623549737908,2.375137518849244,,0.08424437212631504,44.6,0.6251014790076517
C,0.15,,0.35051408732808115,0.9415809854453198,1.2920950727734009,0.7287242288017363,3.207904927226599,0.9401256796789293,2.487224256456538,2.3730572134720003,,0.08405032546865994,44.800000000000004,0.6236379966087618
C,0.15,,0.3497085761865112,0.9417152373022482,1.2914238134887595,0.7292069632495164,3.2085761865112405,0.9386224773831963,2.4879827645016888,2.37098737279023,,0.0838571706824039,45.0,0.6221813490145942
C,0.15,,0.3489067588223566,0.9418488735296072,1.2907556323519638,0.7296879827000309,3.2092443676480364,0.9371231610570967,2.4887379017069704,2.3689279186242995,,0.0836649016328563,45.2,0.6207314884684512
C,0.15,,0.3481086098862845,0.941981898352286,1.2900905082385705,0.7301672962763087,3.2099094917614295,0.935627724622419,2.4894896904701294,2.3668787735665386,,0.08347351224146064,45.400000000000006,0.6192883676574112
C,0.15,,0.34731410426038634,0.9421143159566022,1.2894284202169886,0.7306449130367862,3.2105715797830117,0.9341361618688984,2.4902381529911306,2.364839860971773,,0.08328299648515405,45.6,0.6178519397071924
C,0.15,,0.34652321705554273,0.9422461304907429,1.2887693475462856,0.7311208419758777,3.2112306524537146,0.9326484664578464,2.490983311274334,2.362811104948021,,0.08309334839573537,45.800000000000004,0.6164221581770766
C,0.15,,0.34573592360882455,0.942377346065196,1.2881132696740205,0.7315950920245399,3.2118867303259795,0.9311646319257096,2.491725187130646,2.3607924303473062,,0.08290456205924195,46.0,0.6149989770549134
C,0.15,,0.3449521994809291,0.9425079667531785,1.2874601662341076,0.7320676720508306,3.2125398337658924,0.9296846516875469,2.492463802179632,2.3587837627566097,,0.08271663161533485,46.2,0.6135823507521868
C,0.15,,0.3441720204536515,0.9426379965910581,1.2868100170447097,0.7325385908604615,3.2131899829552903,0.9282085190404331,2.493199177851611,2.356785028488961,,0.08252955125669258,46.400000000000006,0.6121722340991524
C,0.15,,0.3433953625273899,0.9427674395787684,1.2861628021061584,0.7330078571973453,3.2138371978938416,0.9267362271667903,2.4939313353897203,2.3547961545746445,,0.08234331522841279,46.6,0.6107685823400419
C,0.15,,0.3426222019186843,0.9428962996802193,1.2855185015989035,0.7334754797441365,3.2144814984010965,0.925267769137644,2.4946602958519497,2.352817068752542,,0.08215791782742209,46.800000000000004,0.6093713511283317
C,0.15,,0.3418525150577894,0.9430245808237018,1.2848770958814912,0.733941467122767,3.215122904118509,0.923803137915812,2.4953860801131555,2.3508476994616005,,0.08197335340189413,47.0,0.6079804965220762
C,0.15,,0.34108627858627855,0.9431522869022869,1.2842385654885655,0.7344058278949764,3.2157614345114345,0.9223423263590234,2.496108708867042,2.3488879758324113,,0.08178961635067494,47.2,0.6065959749793073
C,0.15,,0.3403234693546819,0.9432794217742196,1.2836028911289015,0.7348685705628362,3.2163971088710985,0.92088532722297,2.4968282026281186,2.346937827678925,,0.08160670112271667,47.400000000000006,0.6052177433534939
C,0.15,,0.3395640644201539,0.9434059892633077,1.2829700536834616,0.735329703569268,3.217029946316538,0.9194321331642915,2.497544581733641,2.3449971854902754,,0.08142460221651825,47.6,0.6038457588890638
C,0.15,,0.3388080410441741,0.9435319931593044,1.2823400342034785,0.7357892352985581,3.2176599657965212,0.9179827367434976,2.498257866345508,2.343065980422718,,0.08124331417957399,47.800000000000004,0.6024799792169873
C,0.15,,0.3380553766902769,0.9436574372182872,1.281712813908564,0.7362471740768651,3.2182871860914357,0.9165371304278241,2.498968076452157,2.3411441442916914,,0.08106283160782929,48.0,0.6011203623504183
C,0.15,,0.3373060490218125,0.9437823251630313,1.2810883741848438,0.7367035281727224,3.2189116258151564,0.9150953065940312,2.4996752318704134,2.339231609563988,,0.08088314914514369,48.2,0.5997668666803972
C,0.15,,0.3365600358997372,0.9439066606833771,1.2804666965831144,0.7371583057975367,3.2195333034168856,0.913657257531138,2.5003793522473323,2.3373283093500308,,0.08070426148276101,48.400000000000006,0.5984194509716094
C,0.15,,0.3358173153804331,0.9440304474365945,1.2798477628170275,0.7376115151060799,3.2201522371829725,0.9122229754430995,2.5010804570620104,2.335434177396264,,0.08052616335878651,48.6,0.5970780743582013
C,0.15,,0.3350778657135563,0.9441536890477407,1.279231554761297,0.7380631641969765,3.2207684452387033,0.9107924524514257,2.5017785656273728,2.3335491480776533,,0.08034884955767098,48.800000000000004,0.595742696339653
C,0.15,,0.334341665339914,0.9442763891100143,1.2786180544499284,0.7385132611131864,3.2213819455500716,0.9093656805977426,2.5024736970919417,2.331673156390284,,0.08017231490970156,49.0,0.5944132767767052
C,0.15,,0.33360869288936906,0.9443985511851052,1.2780072440744743,0.738961813842482,3.221992755925526,0.9079426518463005,2.5031658704415767,2.32980613794407,,0.0799965542904994,49.2,0.5930897758873419
C,0.15,,0.33287892717877177,0.944520178803538,1.2773991059823098,0.7394088303179213,3.22260089401769,0.9065233580864244,2.503855104501203,2.3279480289555594,,0.07982156262052363,49.400000000000006,0.5917721542428248
C,0.15,,0.33215234720992026,0.9446412754650133,1.2767936226749335,0.7398543184183143,3.2232063773250665,0.9051077911349156,2.5045414179365015,2.326098766240847,,0.07964733486458235,49.6,0.590460372763782
C,0.15,,0.33142893216754526,0.9447618446387425,1.2761907768062877,0.7402982859686874,3.2238092231937125,0.9036959427383966,2.5052248292555976,2.3242582872085795,,0.07947386603134932,49.800000000000004,0.5891543927163474
C,0.15,,0.33070866141732286,0.9448818897637795,1.2755905511811023,0.7407407407407408,3.2244094488188977,0.9022878045756093,2.5059053568107137,2.3224265298530593,,0.07930115117288748,50.0,0.5878541757083515
C,0.3,,0.7241379310344828,0.8793103448275862,1.603448275862069,0.5483870967741935,2.896551724137931,1.3109393579072535,1.9295600475624255,3.5027705112960756,,0.26109164408532337,0.0,1.3109393579072535
C,0.3,,0.7164301310043669,0.8805949781659389,1.5970251091703058,0.5513970776723917,2.902974890829694,1.309870482423104,1.936342546713211,3.47900175390558,,0.25831255726236285,0.2,1.2965254069752197
C,0.3,,0.7088846880907372,0.8818525519848771,1.5907372400756143,0.5543672014260249,2.9092627599243857,1.3085555726287428,1.9429917703267208,3.45581358700119,,0.255592009130245,0.4,1.2824246625762488
C,0.3,,0.7014965259219669,0.8830839123463389,1.5845804382683057,0.5572982544902606,2.915419561731694,1.3070106303388433,1.9495115887347487,3.4331853844767286,,0.2529281693771505,0.6000000000000001,1.2686270350201574
C,0.3,,0.6942607775720708,0.8842898704046549,1.5785506479767257,0.5601910027645137,2.9214493520232745,1.3052506578606364,1.9559057247008438,3.4110974722161034,,0.2503192832079601,0.8,1.255122863024039
C,0.3,,0.68717277486911,0.8854712041884817,1.5726439790575917,0.5630461922596753,2.9273560209424083,1.3032897261588225,1.962177760341,3.3895310743948905,,0.24776366748934484,1.0,1.241902891231052
C,0.3,,0.6802280383519046,0.8866286602746826,1.5668566986265873,0.5658645497395187,2.9331433013734127,1.3011410378581456,1.9683311436614352,3.3684682633443015,,0.24525970712860773,1.2000000000000002,1.228958249129173
C,0.3,,0.6734222678296563,0.887762955361724,1.5611852231913803,0.5686467833374415,2.93881477680862,1.29881698551651,1.9743691947377466,3.34789191270681,,0.24280585166990698,1.4000000000000001,1.2162804312693014
C,0.3,,0.6667513335026669,0.8888747777495555,1.5556261112522223,0.571393583149645,2.9443738887477777,1.2963292055616369,1.9802951115579654,3.3277856536358223,,0.24040061209278565,1.6,1.2038612786902994
C,0.3,,0.6602112676056338,0.8899647887323944,1.550176056338028,0.5741056218057923,2.949823943661972,1.2936886282483635,1.986111975550486,3.308133833812735,,0.238042557799119,1.8,1.191692961465979
C,0.3,,0.6537982565379826,0.8910336239103362,1.544831880448319,0.5767835550181378,2.955168119551681,1.2909055239613592,1.9918227568163593,3.2889214790736485,,0.23573031377566558,2.0,1.1797679622958117
C,0.3,,0.6475086334484459,0.892081894425259,1.5395905278737048,0.5794280221100697,2.9604094721262952,1.2879895461589217,1.9974303190840765,3.270134257455285,,0.2334625579203989,2.2,1.1680790610673033
C,0.3,,0.6413388712435866,0.8931101881260689,1.5344490593696554,0.5820396465249582,2.9655509406303446,1.284949771227225,2.002937424403747,3.2517584454852475,,0.2312380185216949,2.4000000000000004,1.1566193203236097
C,0.3,,0.6352855759922557,0.8941190706679574,1.529404646660213,0.5846190363161643,2.970595353339787,1.2817947354906667,2.008346737596396,3.233780896555957,,0.22905547188027525,2.6,1.1453820715750982
C,0.3,,0.629345480700072,0.895109086549988,1.52445456725006,0.5871667846190138,2.97554543274994,1.2785324696025078,2.0136608304730608,3.2161890112345977,,0.22691374006456422,2.8000000000000003,1.1343609023982597
C,0.3,,0.6235154394299287,0.8960807600950119,1.5195961995249405,0.58968347010551,2.9804038004750595,1.2751705305205907,2.0188821858373633,3.198970709373113,,0.22481168879080693,3.0,1.1235496442696669
C,0.3,,0.6177924217462933,0.8970345963756178,1.514827018121911,0.5921696574225123,2.985172981878089,1.2717160312553433,2.024013201284302,3.1821144038930758,,0.2227482254199335,3.2,1.112942361086609
C,0.3,,0.6121735074626865,0.8979710820895522,1.5101445895522387,0.5946258976140839,2.9898554104477615,1.2681756685613448,2.0290561928072446,3.165608976130019,,0.22072229706373533,3.4000000000000004,1.1025333383296325
C,0.3,,0.6066558816732147,0.8988906863877976,1.5055465680610123,0.5970527285286669,2.9944534319389877,1.264555748729272,2.0340133982241775,3.1494437526307983,,0.21873288879345903,3.6,1.0923170728255178
C,0.3,,0.6012368300503893,0.8997938616582685,1.5010306917086578,0.599450675211719,2.9989693082913425,1.2608622116219346,2.0388869804336966,3.1336084833057,,0.2167790219444107,3.8000000000000003,1.0822882630722686
C,0.3,,0.5959137343927355,0.9006810442678774,1.4965947786606129,0.6018202502844141,3.003405221339387,1.2571006530861508,2.0436790305104218,3.1180933208445154,,0.21485975251062367,4.0,1.072441800090445
C,0.3,,0.5906840684068406,0.9015526552655265,1.492236723672367,0.6041619543089799,3.007763276327633,1.253276345861409,2.0483915706489637,3.1028888013126235,,0.21297416962405427,4.2,1.062772758767776
C,0.3,,0.5855453937095694,0.9024091010484051,1.4879544947579744,0.6064762761412189,3.0120455052420256,1.2493942590963387,2.0530265569649715,3.087985825849446,,0.21112139411316017,4.4,1.0532763896662878
C,0.3,,0.5804953560371516,0.903250773993808,1.4837461300309598,0.6087636932707355,3.01625386996904,1.2454590765750653,2.0575858821612396,3.0733756433973296,,0.20930057713606748,4.6000000000000005,1.043948111263407
C,0.3,,0.5755316816487612,0.9040780530585398,1.4796097347073012,0.6110246721493665,3.020390265292699,1.2414752137472784,2.0620713780663595,3.0590498343942607,,0.2075108988838626,4.800000000000001,1.0347835026004528
C,0.3,,0.5706521739130436,0.904891304347826,1.4755434782608696,0.6132596685082873,3.0244565217391304,1.2374468336483933,2.0664848180529303,3.04500029536862,,0.20575156734984726,5.0,1.0257782963137996
C,0.3,,0.5658547100668248,0.9056908816555292,1.471545591722354,0.6154691276642495,3.028454408277646,1.2333778617893292,2.0708279193419092,3.0312192243786704,,0.2040218171608746,5.2,1.0169283720256774
C,0.3,,0.5611372381359555,0.9064771269773407,1.4676143651132962,0.6176534848153813,3.0323856348867038,1.2292720000891988,2.0751023451992814,3.0176991072435517,,0.20232090846714348,5.4,1.0082297500731594
C,0.3,,0.5564977740089039,0.907250370998516,1.46374814500742,0.6198131653269607,3.03625185499258,1.2251327399184782,2.0793097070308355,3.004432704516373,,0.20064812588706743,5.6000000000000005,0.9996785855553203
C,0.3,,0.5519343986543314,0.9080109335576114,1.4599453322119427,0.6219485850075611,3.0400546677880573,1.220963374315017,2.0834515663804956,2.991413039153411,,0.19900277750405745,5.800000000000001,0.9912711626799066
C,0.3,,0.5474452554744526,0.9087591240875912,1.4562043795620436,0.6240601503759399,3.0437956204379564,1.216767009430444,2.087529436837338,2.978633384836698,,0.1973841939122622,6.0,0.9830038893920827
C,0.3,,0.5430285477865122,0.9094952420355813,1.4525237898220935,0.6261482589190344,3.0474762101779067,1.21254657526016,2.0915447858560814,2.966087254910184,,0.19579172730850172,6.2,0.9748732922689907
C,0.3,,0.5386825364252001,0.9102195772624666,1.4489021136876667,0.6282132993414064,3.0510978863123333,1.208304835706064,2.0954990364955908,2.953768391892422,,0.19422475062780573,6.4,0.9668760116648907
C,0.3,,0.5344055374592834,0.9109324104234527,1.4453379478827362,0.6302556518064653,3.054662052117264,1.2040443980174858,2.0993935690796452,2.941670757531247,,0.19268265672013382,6.6000000000000005,0.9590087970926748
C,0.3,,0.5301959200161583,0.9116340133306403,1.4418299333467988,0.6322756881697835,3.0581700666532012,1.1997677216523996,2.1032297227839907,2.9297885233682335,,0.19116485756600632,6.800000000000001,0.9512685028284256
C,0.3,,0.5260521042084169,0.9123246492985972,1.438376753507014,0.6342737722048067,3.061623246492986,1.1954771265978852,2.1070087971534246,2.918116061782884,,0.1896707835289173,7.0,0.9436520837265714
C,0.3,,0.52197255915689,0.9130045734738517,1.4349771326307417,0.636250259821243,3.065022867369258,1.191174801185931,2.11073205355251,2.906647937488516,,0.18819988264253276,7.2,0.9361565912339569
C,0.3,,0.5179558011049723,0.9136740331491713,1.4316298342541436,0.638205499276411,3.0683701657458564,1.1868628094380513,2.1144007165532193,2.8953788994536183,,0.18675161993080053,7.4,0.9287791695918928
C,0.3,,0.514000391619346,0.9143332680634423,1.4283336596827882,0.6401398313798067,3.0716663403172118,1.1825430979697487,2.1180159752627237,2.884303873224221,,0.1853254767592123,7.6000000000000005,0.9215170522159257
C,0.3,,0.5101049358725223,0.9149825106879129,1.4250874465604353,0.6420535896911433,3.0749125534395647,1.1782175024836379,2.121578984594269,2.873417953624359,,0.18392095021556493,7.800000000000001,0.9143675582437066
C,0.3,,0.5062680810028929,0.9156219864995179,1.4218900675024106,0.6439471007121059,3.0781099324975894,1.1738877538779713,2.1250908664839696,2.862716397813215,,0.18253755251866868,8.0,0.9073280892419255
C,0.3,,0.5024885145482388,0.9162519142419602,1.418740428790199,0.6458206840720502,3.081259571209801,1.1695554839954128,2.1285527110561686,2.8521946186788973,,0.1811748104535408,8.200000000000001,0.900396126063826
C,0.3,,0.4987649629488885,0.9168725061751852,1.4156374691240736,0.647674652707872,3.0843625308759264,1.165222231035162,2.131965577739895,2.841848178550049,,0.17983226483171144,8.4,0.8935692258493386
C,0.3,,0.49509619011693706,0.9174839683138438,1.4125801584307809,0.6495093130382535,3.0874198415692193,1.1608894446498983,2.1353304963387543,2.83167278320772,,0.17850946997534842,8.6,0.8868450191603319
C,0.3,,0.491480996068152,0.918086500655308,1.40956749672346,0.6513249651324965,3.0904325032765403,1.1565584907475321,2.1386484680565268,2.821664276180971,,0.17720599322398375,8.8,0.8802212072439448
C,0.3,,0.4879182156133829,0.9186802973977695,1.4065985130111525,0.6531219028741327,3.0934014869888475,1.1522306560163624,2.1419204664805624,2.8118186333107613,,0.17592141446269466,9.0,0.8736955594173658
C,0.3,,0.48440671710647715,0.9192655471489205,1.4036722642553976,0.6549004141195032,3.0963277357446026,1.147907152190963,2.1451474385250124,2.8021319575675734,,0.17465532567065828,9.200000000000001,0.8672659105678249
C,0.3,,0.4809454012458776,0.919842433125687,1.4007878343715645,0.6566607808514813,3.0992121656284355,1.1435891200749357,2.148330305335752,2.79260047410916,,0.17340733048906143,9.4,0.8609301587619156
C,0.3,,0.47753319992723303,0.9204111333454612,1.3979443332726942,0.6584032793285185,3.102055666727306,1.1392776333355825,2.1514699631588288,2.783220525565585,,0.17217704380740353,9.600000000000001,0.8546862629587195
C,0.3,,0.4741690751445087,0.9209718208092486,1.3951408959537572,0.6601281802291707,3.104859104046243,1.1349737020845168,2.1545672841741075,2.773988567539531,,0.17096409136728635,9.8,0.8485322408215068
C,0.3,,0.4708520179372198,0.92152466367713,1.39237668161435,0.6618357487922705,3.10762331838565,1.1306782762573147,2.1576231172957434,2.7649011643105634,,0.16976810938283363,10.0,0.842466166623097
C,0.3,,0.46758104738154604,0.922069825436409,1.389650872817955,0.6635262449528937,3.1103491271820447,1.1263922488044227,2.16063828894099,2.755954984732682,,0.16858874417693215,10.200000000000001,0.836486169240241
C,0.3,,0.46435520962320886,0.9226074650627986,1.3869626746860075,0.6651999234742682,3.1130373253139925,1.1221164587047312,2.163613603768809,2.7471467983151676,,0.1674256518325309,10.4,0.8305904302326335
C,0.3,,0.4611735769501054,0.9231377371749825,1.384311314125088,0.6668570340757662,3.115688685874912,1.1178516938124743,2.166549845389641,2.7384734714772723,,0.16627849785827428,10.600000000000001,0.8247771820024306
C,0.3,,0.4580352469028093,0.9236607921828651,1.3816960390856745,0.668497821557113,3.1183039609143255,1.113598693547425,2.169447777047634,2.7299319639678794,,0.16514695686778874,10.8,0.8190447060303592
C,0.3,,0.4549393414211438,0.9241767764298093,1.3791161178509532,0.6701225259189444,3.1208838821490468,1.1093581514376938,2.1723081422765818,2.7215193254417613,,0.16403071227197524,11.0,0.813391331184727
C,0.3,,0.4518850060251333,0.9246858323291445,1.3765708383542778,0.671731382479835,3.1234291616457224,1.105130717523852,2.175131665530728,2.713232692184538,,0.1629294559836972,11.200000000000001,0.8078154320998445
C,0.3,,0.4488714090287277,0.925188098495212,1.3740595075239397,0.6733246219899197,3.1259404924760603,1.100917000632531,2.177919052791559,2.7050692839789017,,0.16184288813428474,11.4,0.8023154276205597
C,0.3,,0.44589774078478,0.9256837098692033,1.3715814506539834,0.6749024707412223,3.1284185493460166,1.0967175705271313,2.1806709921516347,2.6970264011050773,,0.1607707168013075,11.600000000000001,0.7968897793097791
C,0.3,,0.4429632129598379,0.926172797840027,1.369136010799865,0.6764651506748013,3.130863989200135,1.0925329599427929,2.1833881543764706,2.6891014214689,,0.15971265774709706,11.8,0.7915369900160248
C,0.3,,0.4400670578373847,0.9266554903604359,1.3667225481978207,0.6780128794848206,3.1332774518021793,1.0883636665123249,2.18607119344542,2.6812917978512547,,0.15866843416752677,12.0,0.7862556024982277
C,0.3,,0.4372085276482345,0.9271319120586275,1.364340439706862,0.6795458707196484,3.135659560293138,1.0842101545893676,2.18872074707246,2.673595055272944,,0.15763777645058247,12.200000000000001,0.7810441981051051
C,0.3,,0.43438689392685753,0.9276021843455238,1.3619890782723814,0.6810643338800801,3.1380109217276186,1.080072856974681,2.191337437207761,2.6660087884694414,,0.1566204219442822,12.4,0.7759013955066191
C,0.3,,0.4316014468924696,0.9280664255179217,1.3596678724103914,0.6825684745147832,3.1403321275896086,1.0759521765510724,2.1939218705208363,2.6585306594701965,,0.1556161147335247,12.600000000000001,0.7708258494751277
C,0.3,,0.4288514948537821,0.928524750857703,1.357376245711485,0.6840584943130529,3.1426237542885147,1.071848487832149,2.196474638866079,2.6511583952775486,,0.15462460542546927,12.8,0.7658162497139787
C,0.3,,0.4261363636363637,0.9289772727272727,1.3551136363636365,0.6855345911949685,3.1448863636363633,1.0677621384297522,2.1989963197314055,2.6438897856404964,,0.15364565094306776,13.0,0.760871319731405
C,0.3,,0.423455396031618,0.929424100661397,1.352879496693015,0.6869969593990342,3.1471205033069847,1.0636934504446425,2.20148747667074,2.6367226809188535,,0.15267901432639092,13.200000000000001,0.7559898157576892
C,0.3,,0.42080795126643156,0.9298653414555947,1.3506732927220262,0.6884457895673848,3.149326707277974,1.0596427217847237,2.203948659720989,2.6296549900335737,,0.15172446454140706,13.4,0.751170525703676
C,0.3,,0.41819340449259196,0.9303010992512347,1.3484945037438267,0.6898812688286372,3.1515054962561733,1.0556102274148276,2.2063804058041674,2.622684678499223,,0.1507817762958893,13.600000000000001,0.7464122681587946
C,0.3,,0.41561114629512347,0.9307314756174794,1.346342621912603,0.6913035808784618,3.153657378087397,1.0515962205418568,2.2087832391152715,2.6158097665348037,,0.14985072986214332,13.8,0.7417138914268615
C,0.3,,0.4130605822187254,0.9311565696302124,1.3442171518489379,0.6927129060579456,3.155782848151062,1.0476009337388366,2.2111576714965144,2.609028327249339,,0.14893111090626235,14.0,0.7370742725980088
C,0.3,,0.41054113231154205,0.9315764779480763,1.3421176102596184,0.6941094214298199,3.1578823897403816,1.04362458001123,2.2135042027984277,2.602338484898798,,0.1480227103236311,14.200000000000001,0.7324923166551689
C,0.3,,0.40805223068552776,0.9319912948857454,1.3400435255712733,0.6954933008526187,3.1599564744287267,1.0396673538086652,2.215823321228425,2.5957384132111243,,0.14712532408041307,14.4,0.7279669556136266
C,0.3,,0.40559332509270696,0.9324011124845488,1.337994437577256,0.6968647150528321,3.162005562422744,1.0357294319850383,2.2181155036872733,2.5892263337763053,,0.146238753060769,14.600000000000001,0.7234971476922171
C,0.3,,0.403163876516664,0.932806020580556,1.33596989709722,0.6982238316951198,3.16403010290278,1.0318109747097883,2.220381216093999,2.5828005144985666,,0.14536280291956644,14.8,0.7190818765148241
C,0.3,,0.4007633587786259,0.933206106870229,1.3339694656488548,0.6995708154506438,3.1660305343511452,1.0279121263329642,2.2226209136996675,2.576459268107919,,0.14449728394035072,15.0,0.7147201503408893
C,0.3,,0.3983912581575353,0.9336014569737441,1.3319927151312794,0.7009058280635788,3.168007284868721,1.0240330162065712,2.2248350413904934,2.570200950728437,,0.14364201089836048,15.200000000000001,0.7104110013237155
C,0.3,,0.3960470730235365,0.9339921544960773,1.3300392275196138,0.7022290284158584,3.169960772480386,1.02017375946452,2.2270240339806726,2.564023960500778,,0.14279680292837918,15.4,0.7061534847953981
C,0.3,,0.39373031348432574,0.9343782810859457,1.3281085945702715,0.7035405725902083,3.1718914054297285,1.0163344577633875,2.22918831649538,2.5579267362565576,,0.14196148339722472,15.600000000000001,0.7019466785772757
C,0.3,,0.3914405010438413,0.9347599164926931,1.3262004175365343,0.7048406139315231,3.1737995824634657,1.012515199986053,2.2313283044442795,2.551907756242345,,0.14113587978068853,15.8,0.6977896823148435
C,0.3,,0.38917716827279464,0.9351371386212008,1.3243143068939955,0.706129303106633,3.1756856931060042,1.0087160629101755,2.2334444040859402,2.5459655368911216,,0.14031982354474384,16.0,0.6936816168361268
C,0.3,,0.38693985849056606,0.9355100235849056,1.3224498820754718,0.7074067881625146,3.177550117924528,1.0049371118433494,2.2355370126834933,2.5400986316391654,,0.1395131500308516,16.2,0.6896216235325487
C,0.3,,0.38472812545800966,0.9358786457569984,1.320606771215008,0.7086732145829866,3.179393228784992,1.0011784012266878,2.23760651875186,2.5343056297864326,,0.13871569834519965,16.400000000000002,0.6856088637613864
C,0.3,,0.38254153308073446,0.9362430778198776,1.318784610900612,0.7099287253439417,3.181215389099388,0.9974399752084673,2.2396533022969116,2.5285851553985847,,0.1379273112517192,16.6,0.6816425182689321
C,0.3,,0.38037965512244604,0.9366033908129257,1.3169830459353717,0.7111734609671563,3.1830169540646285,0.9937218681893956,2.2416777350468102,2.522935866248895,,0.13714783506872877,16.8,0.6777217866335365
C,0.3,,0.3782420749279539,0.9369596541786743,1.3152017291066282,0.7124075595727197,3.1847982708933715,0.9900241053409629,2.2436801806758635,2.517356452798379,,0.136377119569063,17.0,0.6738458867277362
C,0.3,,0.3761283851554664,0.9373119358074222,1.3134403209628887,0.713631156930126,3.1865596790371113,0.9863467030982618,2.245660995021172,2.5118456372125406,,0.13561501788355027,17.2,0.6700140541987045
C,0.3,,0.3740381875178113,0.9376603020803648,1.311698489598176,0.7148443865080659,3.188301510401824,0.9826896696285843,2.2476205262923226,2.506402172413224,,0.13486138640770834,17.400000000000002,0.6662255419663038
C,0.3,,0.3719710925322375,0.9380048179112938,1.3099759104435313,0.7160473795229595,3.1900240895564687,0.9790530052770363,2.249559115274398,2.5010248411641243,,0.13411608471153424,17.6,0.6624796197380511
C,0.3,,0.36992671927846676,0.9383455467869222,1.308272266065389,0.7172402649862659,3.191727733934611,0.9754367029903315,2.2514770955245442,2.495712455188562,,0.1333789754522685,17.8,0.6587755735403276
C,0.3,,0.36790469516468116,0.9386825508058865,1.3065872459705676,0.7184231697506034,3.193412754029432,0.9718407487198777,2.253374793562338,2.4904638543182367,,0.13264992429002065,18.0,0.6551127052652099
C,0.3,,0.36590465570114306,0.9390158907164762,1.3049205464176192,0.7195962185547188,3.1950794535823808,0.9682651218051992,2.2552525290541707,2.4852779056716674,,0.13192879980614683,18.2,0.6514903322323145
C,0.3,,0.363926244281159,0.9393456259531402,1.3032718702342991,0.720759534067337,3.1967281297657006,0.9647097953386801,2.2571106149918907,2.4801535028611577,,0.13121547342427523,18.400000000000002,0.6479077867650772
C,0.3,,0.3619691119691119,0.9396718146718147,1.3016409266409266,0.7219132369299222,3.1983590733590734,0.9611747365125742,2.258949357865864,2.475089565227113,,0.13050981933387992,18.6,0.6443644157809215
C,0.3,,0.3600329172952955,0.9399945137841175,1.300027431079413,0.7230574457983858,3.199972568920587,0.9576599069491585,2.2607690578327184,2.4700850370986447,,0.12981171441630737,18.8,0.6408595803947807
C,0.3,,0.35811732605729873,0.9403137789904502,1.298431105047749,0.7241922773837667,3.201568894952251,0.9541652630148764,2.262570008877903,2.465138887079393,,0.1291210381731647,19.0,0.6373926555354752
C,0.3,,0.3562220111276971,0.9406296648120505,1.2968516759397475,0.7253178464919166,3.2031483240602525,0.9506907561192638,2.2643524989732917,2.4602501073576057,,0.12843767265698158,19.200000000000003,0.6339630295744583
C,0.3,,0.3543466522678186,0.9409422246220303,1.295288876889849,0.7264342660622166,3.204711123110151,0.9472363329994076,2.266116810229966,2.4554177130394907,,0.1277615024040628,19.400000000000002,0.6305701039664666
C,0.3,,0.35249093594736136,0.9412515106754398,1.2937424466228011,0.7275416472053557,3.206257553377199,0.9438019359906555,2.2678632190463923,2.450640741504952,,0.12709241436945043,19.6,0.6272132929016363
C,0.3,,0.35065455516965005,0.9415575741383917,1.2922121293080417,0.7286400992401922,3.2077878706919583,0.9403875032842497,2.2695919962521183,2.445918251784844,,0.12643029786391896,19.8,0.6238920229686561
C,0.3,,0.3488372093023256,0.9418604651162791,1.2906976744186047,0.7297297297297297,3.2093023255813953,0.9369929691725258,2.2713034072471605,2.441249323958897,,0.12577504449292987,20.0,0.6206057328285561
C,0.3,,0.3470386039132734,0.9421602326811211,1.2891988365943945,0.7308106445162283,3.2108011634056055,0.9336182642822846,2.272997712137233,2.4366330585735376,,0.12512654809747453,20.200000000000003,0.6173538728987346
C,0.3,,0.3452584506116006,0.9424569248980665,1.287715375509667,0.7318829477554774,3.2122846244903327,0.9302633157969149,2.2746751658649593,2.4320685760788368,,0.12448470469673774,20.400000000000002,0.6141359050468613
C,0.3,,0.34349646689348334,0.9427505888510861,1.2862470557445693,0.7329467419502519,3.2137529442554307,0.9269280476678112,2.276336018337209,2.4275550162838577,,0.12384941243251729,20.6,0.6109513022942881
C,0.3,,0.34175237599270925,0.9430412706678818,1.284793646660591,0.7340021279829763,3.215206353339409,0.9236123808156043,2.2779805145486796,2.4230915378297144,,0.12322057151533618,20.8,0.6077995485286299
C,0.3,,0.3400259067357513,0.9433290155440415,1.2833549222797926,0.7350492051476155,3.2166450777202074,0.9203162333216999,2.279608894701872,2.418677317679669,,0.12259808417218876,21.0,0.6046801382251872
C,0.3,,0.33831679340121146,0.9436138677664647,1.2819306611676762,0.7360880711808174,3.218069338832324,0.9170395206105915,2.2812213943235617,2.4143115506256336,,0.1219818545958625,21.200000000000003,0.6015925761768932
C,0.3,,0.3366247755834829,0.9438958707360862,1.280520646319569,0.7371188222923238,3.219479353680431,0.9137821556233863,2.2828182443779026,2.4099934488104715,,0.12137178889578061,21.400000000000002,0.598536377232481
C,0.3,,0.33494959806048236,0.9441750669899196,1.279124665050402,0.738141553194673,3.220875334949598,0.9105440489829714,2.284399671376258,2.405722241265504,,0.12076779505031228,21.6,0.595511066042584
C,0.3,,0.33329101066531236,0.9444514982224479,1.2777425088877603,0.7391563571322104,3.2222574911122397,0.9073251091512142,2.2859658974838806,2.401497173462668,,0.12016978286049991,21.8,0.5925161768134888
C,0.3,,0.33164876816171823,0.9447252053063803,1.2763739734680986,0.7401633259094283,3.2236260265319014,0.9041252425785817,2.287517140623547,2.3973175068807917,,0.11957766390515441,22.0,0.5895512530682723
C,0.3,,0.3300226301232084,0.9449962283127986,1.275018858436007,0.7411625499186512,3.224981141563993,0.900944353846536,2.289053614576245,2.3931825185854616,,0.11899135149727146,22.200000000000003,0.586615847415068
C,0.3,,0.3284123608157137,0.9452646065307144,1.273676967346428,0.7421541181670842,3.226323032653572,0.8977823458030467,2.2905755290789993,2.389091500822008,,0.11841076064172364,22.400000000000002,0.5837095213222117
C,0.3,,0.32681772908366535,0.9455303784860558,1.2723481075697212,0.7431381183032438,3.227651892430279,0.8946391196915526,2.2920830899199514,2.3850437606211115,,0.11783580799418542,22.6,0.5808318449000314
C,0.3,,0.3252385082393755,0.9457935819601041,1.2710320901994796,0.7441146366427841,3.22896790980052,0.8915145752736742,2.293576499030772,2.381038619416598,,0.11726641182124856,22.8,0.577982396689055
C,0.3,,0.3236744759556104,0.9460542540073983,1.2697287299630087,0.7450837581937363,3.230271270036991,0.8884086109459786,2.295055954576485,2.3770754126749796,,0.11670249196168894,23.0,0.5751607634544129
C,0.3,,0.32212541416124674,0.9463124309731256,1.2684378451343723,0.7460455666811784,3.2315621548656277,0.8853211238510691,2.2965216510427995,2.3731534895363158,,0.1161439697888449,23.200000000000003,0.572366539986228
C,0.3,,0.3205911089399121,0.9465681485100147,1.2671592574499269,0.7470001445713459,3.2328407425500734,0.882252009983273,2.297973779321031,2.3692722124660133,,0.11559076817407149,23.400000000000002,0.5695993289057897
C,0.3,,0.31907135043150603,0.946821441594749,1.265892792026255,0.7479475730952038,3.2341072079737447,0.879201164289173,2.2994125267906758,2.365430956917155,,0.11504281145123342,23.6,0.5668587404773177
C,0.3,,0.317565932736511,0.9470723445439149,1.2646382772804259,0.748887932271488,3.235361722719574,0.8761684807632313,2.3008380773997237,2.3616291110030163,,0.11450002538220388,23.8,0.5641443924251284
C,0.3,,0.3160746538229982,0.9473208910295003,1.2633955448524985,0.7498213009292352,3.2366044551475017,0.8731538525387281,2.3022506117427795,2.3578660751793907,,0.11396233712333502,24.0,0.5614559097560243
C,0.3,,0.3145973154362416,0.9475671140939598,1.2621644295302015,0.7507477567298105,3.2378355704697985,0.8701571719742354,2.3036503071370653,2.3541412619364,,0.11342967519286878,24.200000000000003,0.5587929245867302
C,0.3,,0.3131337230108553,0.9478110461648575,1.2609447691757127,0.751667376188449,3.2390552308242873,0.8671783307358358,2.3050373376963647,2.350454095499448,,0.11290196943925769,24.400000000000002,0.5561550759762168
C,0.3,,0.31168368558537163,0.9480527190691047,1.2597364046544763,0.7525802346953202,3.2402635953455237,0.8642172198752789,2.3064118744029676,2.3468040115390245,,0.11237915101036537,24.6,0.5535420097627405
C,0.3,,0.3102470157191821,0.9482921640468029,1.258539179765985,0.7534864065361319,3.241460820234015,0.8612737299042678,2.307774085177706,2.343190456889031,,0.11186115232351936,24.8,0.5509533784054569
C,0.3,,0.3088235294117647,0.9485294117647058,1.2573529411764706,0.7543859649122807,3.2426470588235294,0.8583477508650519,2.3091241349480978,2.339612889273356,,0.11134790703638792,25.0,0.5483888408304498
C,0.3,,0.30741304602412456,0.9487644923293126,1.256177538353437,0.7552789819605651,3.243822461646563,0.8554391723974981,2.310462185714695,2.336070777040419,,0.11083935001865525,25.200000000000003,0.5458480622810372
C,0.3,,0.3060153882023781,0.9489974352996037,1.2550128235019817,0.7561655287724677,3.244987176498018,0.8525478838028016,2.3117883966156763,2.3325635989054074,,0.11033541732446923,25.400000000000002,0.5433307141722161
C,0.3,,0.30463038180341184,0.9492282696994314,1.2538586515028434,0.7570456754130223,3.2461413484971566,0.8496737741039923,2.31310292398973,2.3290908436999507,,0.10983604616563737,25.6,0.5408364739491116
C,0.3,,0.3032578558225508,0.9494570240295749,1.2527148798521257,0.7579194909392724,3.2472851201478745,0.8468167321033822,2.31440592143729,2.3256520101289886,,0.10934117488554727,25.8,0.5383650249493048
C,0.3,,0.30189764232317423,0.949683726279471,1.2515813686026451,0.7587870434183323,3.248418631397355,0.843976646437097,2.3156975398801825,2.322246606534593,,0.10885074293378921,26.0,0.5359160562689127
C,0.3,,0.3005495763682161,0.9499084039386306,1.2504579803068467,0.7596483999450625,3.2495420196931533,0.8411534056268233,2.3169779276197096,2.3188741506665016,,0.10836469084145833,26.200000000000003,0.5334892626323045
C,0.3,,0.29921349595349367,0.950131084007751,1.2493445799612446,0.7605036266593678,3.2506554200387554,0.8383468981289013,2.318247230393233,2.315534169459161,,0.10788296019711584,26.400000000000002,0.5310843442653399
C,0.3,,0.29788924194280525,0.9503517930095324,1.2482410349523376,0.7613527887631256,3.2517589650476624,0.8355570123808804,2.3195055914292997,2.3122261988150514,,0.10740549362338825,26.6,0.5287010067720143
C,0.3,,0.29657665800474525,0.9505705569992091,1.2471472150039544,0.7621959505367577,3.252852784996046,0.83278363684566,2.32075315150136,2.308949783394097,,0.10693223475418567,26.8,0.5263389610144096
C,0.3,,0.2952755905511811,0.9507874015748031,1.2460629921259843,0.7630331753554502,3.2539370078740157,0.83002666005332,2.3219900489800978,2.3057044764089527,,0.10646312821251937,27.0,0.523997922995846
C,0.3,,0.2939858886773435,0.9510023518871095,1.244988240564453,0.763864525705033,3.255011759435547,0.8272859706407516,2.3232164198844405,2.302489839425999,,0.10599811958890103,27.200000000000003,0.521677613747135
C,0.3,,0.29270740410347906,0.9512154326494202,1.2439228367528994,0.7646900631975259,3.2560771632471006,0.8245614573891827,2.324432397931271,2.29930544217183,,0.10553715542030523,27.400000000000002,0.519377759215838
C,0.3,,0.29143999111801927,0.9514266681469968,1.2428666592650162,0.7655098485863594,3.257133340734984,0.8218530092597014,2.3256381145838865,2.29615086234509,,0.10508018316967882,27.6,0.5170980901584397
C,0.3,,0.29018350652221975,0.9516360822462967,1.2418195887685164,0.7663239417812793,3.258180411231484,0.8191605154268632,2.326833699099242,2.293025685433465,,0.10462715120598023,27.8,0.5148383420353456
C,0.3,,0.2889378095762245,0.9518436984039625,1.240781507980187,0.7671324018629408,3.259218492019813,0.8164838653104705,2.328019278574,2.2899295045356802,,0.10417800878473275,28.0,0.5125982549086185
C,0.3,,0.2877027619465147,0.9520495396755809,1.2397523016220955,0.767935287097202,3.2602476983779045,0.8138229486056113,2.329194977989457,2.286861920188331,,0.10373270602907686,28.200000000000003,0.5103775733423719
C,0.3,,0.2864782276546982,0.9522536287242169,1.2387318563789151,0.7687326549491212,3.261268143621085,0.8111776553110306,2.330360920255316,2.2838225401974106,,0.10329119391130603,28.400000000000002,0.5081760463057368
C,0.3,,0.2852640730276027,0.9524559878287329,1.2377200608563355,0.7695245620966681,3.2622799391436645,0.8085478757559155,2.331517226252422,2.2808109794743783,,0.10285342423487256,28.6,0.5059934270783295
C,0.3,,0.2840601666486311,0.9526566388918948,1.2367168055405258,0.7703110644441529,3.2632831944594742,0.8059335006251634,2.332664014874406,2.277826859876625,,0.10241934961684852,28.8,0.5038294731581419
C,0.3,,0.28286637931034486,0.9528556034482759,1.2357219827586208,0.7710922171353826,3.264278017241379,0.8033344209832045,2.333801403068333,2.2748698100522073,,0.10198892347082945,29.0,0.501683946171782
C,0.3,,0.28168258396823687,0.9530529026719605,1.2347354866401974,0.7718680745665494,3.265264513359803,0.8007505282964426,2.3349295058743476,2.2719394652887037,,0.10156209999026687,29.200000000000003,0.4995566117869999
C,0.3,,0.28050865569566147,0.9532485573840564,1.2337572130797179,0.7726386903988567,3.266242786920282,0.7981817144543784,2.3360484364643535,2.2690354673660913,,0.10113883413221814,29.400000000000002,0.497447239627423
C,0.3,,0.279344471639885,0.9534425880600191,1.2327870596999042,0.7734041175708921,3.267212940300096,0.7956278717894757,2.337158306179761,2.266157464413487,,0.10071908160150017,29.6,0.4953556031894461
C,0.3,,0.27818991097922846,0.9536350148367952,1.2318249258160237,0.7741644083107498,3.2681750741839766,0.7930888930958272,2.3382592245683242,2.263305110769664,,0.10030279883523709,29.8,0.49328147976120246
C,0.3,,0.27704485488126646,0.9538258575197889,1.2308707124010554,0.77491961414791,3.2691292875989446,0.7905646716466745,2.339351299420082,2.2604780668472095,,0.09988994298778861,30.0,0.4912246503435648
C,0.3,,0.2759091864620559,0.9540151355896573,1.2299243220517133,0.7756697859248813,3.2700756779482867,0.7880551012108374,2.3404346368024567,2.257675999000223,,0.09948047191604975,30.200000000000003,0.48918489957311057
C,0.3,,0.27478279074636236,0.9542028682089396,1.228985658955302,0.7764149738086111,3.271014341044698,0.7855600760680969,2.3415093410945,2.254898579395449,,0.09907434416511014,30.400000000000002,0.4871620156469974
C,0.3,,0.27366555462885744,0.9543890742285238,1.2280546288573813,0.7771552273016681,3.2719453711426185,0.7830794910235872,2.342575515020336,2.2521454858867314,,0.09867151895426371,30.6,0.4851557902496936
C,0.3,,0.2725573668362579,0.954573772193957,1.2271311390302149,0.7778905952532048,3.272868860969785,0.7806132414212357,2.3436332596818015,2.2494164018927,,0.09827195616335763,30.8,0.4831660184815109
C,0.3,,0.27145811789038266,0.954756980351603,1.2262150982419855,0.7786211258697028,3.2737849017580145,0.7781612231562987,2.344682674590333,2.2467110162775947,,0.09787561631947232,31.0,0.4811924987888854
C,0.3,,0.27036770007209804,0.9549387166546504,1.2253064167267484,0.7793468667255075,3.2746935832732516,0.7757233326870325,2.3457238576980917,2.244029023235118,,0.09748246058392185,31.200000000000003,0.4792350328963612
C,0.3,,0.26928600738613045,0.9551189987689782,1.2244050061551086,0.7800678647731557,3.2755949938448916,0.7732994670455428,2.346756905428367,2.241370122175246,,0.0970924507395668,31.400000000000002,0.4772934257402253
C,0.3,,0.2682129355267191,0.9552978440788802,1.2235107796055993,0.7807841663535012,3.2764892203944007,0.7708895238478435,2.347781912705269,2.2387340176139006,,0.09670554917843029,31.6,0.4753674854037467
C,0.3,,0.2671483818440871,0.9554752696926522,1.2226236515367392,0.7814958172056437,3.2773763484632608,0.7684934013031719,2.348798972982739,2.2361204190654,,0.09632171888960893,31.8,0.4734570230539787
C,0.3,,0.26609224531170805,0.9556512924480487,1.2217435377597567,0.7822028624766646,3.2782564622402433,0.7661109982225837,2.349808178272877,2.2335290409376047,,0.09594092344747057,32.0,0.4715618528800746
C,0.3,,0.2650444264943457,0.9558259289176091,1.2208703554119547,0.7829053467311748,3.2791296445880453,0.7637422140268711,2.350809619173631,2.2309596024296896,,0.09556312700013096,32.2,0.4696817920330814
C,0.3,,0.264004827516846,0.955999195413859,1.220004022930705,0.7836033139606777,3.2799959770692952,0.7613869487538287,2.3518033848958377,2.2284118274324567,,0.09518829425820147,32.4,0.467816660567164
C,0.3,,0.26297335203366057,0.9561711079943899,1.2191444600280503,0.7842968075927524,3.2808555399719497,0.7590451030648997,2.352789563289658,2.2258854444311114,,0.09481639048380056,32.6,0.46596628138222435
C,0.3,,0.2619499051990819,0.9563416824668197,1.2182915876659015,0.7849858705000615,3.2817084123340985,0.7567165782512346,2.3537682408704024,2.223380186410454,,0.0944473814798221,32.800000000000004,0.4641304801678773
C,0.3,,0.26093439363817095,0.9565109343936382,1.2174453280318092,0.7856705450091855,3.2825546719681906,0.7544012762391851,2.3547395028437723,2.220895790762384,,0.094081233579453,33.0,0.4623090853487425
C,0.3,,0.25992672541835826,0.9566788790969403,1.2166056045152986,0.7863508729092906,3.2833943954847014,0.7520990995952624,2.355703433130534,2.2184319991956847,,0.09371791363593399,33.2,0.4605019280310194
C,0.3,,0.25892681002170054,0.9568455316630499,1.2157723416847503,0.7870268954606304,3.28422765831525,0.7498099515305865,2.3566601143906345,2.2159885576479965,,0.09335738901255645,33.4,0.4587088419503106
C,0.3,,0.2579345583177754,0.9570109069470374,1.2149454652648128,0.7876986534028872,3.2850545347351874,0.7475337359048468,2.3576096280467733,2.213565216199939,,0.09299962757288958,33.6,0.45692966342065566
C,0.3,,0.25694988253719653,0.9571750195771339,1.2141249021143303,0.7883661869633573,3.2858750978856697,0.7452703572298034,2.3585520543074594,2.2111617289912973,,0.09264459767123112,33.800000000000004,0.4551642312847506
C,0.3,,0.2559726962457338,0.9573378839590444,1.2133105802047783,0.7890295358649788,3.2866894197952217,0.7430197206723433,2.3594874721895422,2.208777854139245,,0.0922922681432762,34.0,0.45341238686530994
C,0.3,,0.2550029143190208,0.9574995142801632,1.212502428599184,0.7896887393342147,3.287497571400816,0.7407817320571204,2.3604159595402447,2.206413353658511,,0.09194260829699798,34.2,0.4516739739175525
C,0.3,,0.2540404529178361,0.957659924513694,1.21170037743153,0.7903438361087816,3.28829962256847,0.7385562978687946,2.3613375930587224,2.2040679933834775,,0.09159558790373536,34.4,0.44994883858277135
C,0.3,,0.2530852294639414,0.9578191284226765,1.2109043578866179,0.7909948644452407,3.289095642113382,0.7363433252538911,2.362252448317126,2.201741542892111,,0.09125117718948104,34.6,0.44823682934296527
C,0.3,,0.25213716261646335,0.9579771395639228,1.2101143021803862,0.7916418621264436,3.2898856978196136,0.7341427220222996,2.363160599781226,2.199433775431716,,0.09090934682636607,34.800000000000004,0.4465377969765008
C,0.3,,0.25119617224880386,0.9581339712918661,1.20933014354067,0.7922848664688427,3.29066985645933,0.7319543966484284,2.3640621208305665,2.1971444678464325,,0.09057006792433468,35.0,0.44485159451477757
C,0.3,,0.2502621794260654,0.9582896367623225,1.208551816188388,0.7929239143296651,3.291448183811612,0.7297782582720325,2.3649570837781915,2.1948734005064447,,0.09023331202300479,35.2,0.44317807719987146
C,0.3,,0.2493351063829787,0.9584441489361702,1.2077792553191489,0.7935590421139554,3.292220744680851,0.7276142166987324,2.365845559889939,2.1926203572388525,,0.08989905108370984,35.4,0.4415171024431303
C,0.3,,0.24841487650231853,0.9585975205829469,1.2070123970852653,0.794190285781489,3.2929876029147347,0.7254621824002365,2.36672761940332,2.1903851252601507,,0.0895672574817164,35.6,0.43986852978469604
C,0.3,,0.24750141429379593,0.9587497642843673,1.2062511785781633,0.7948176808535584,3.2937488214218367,0.7233220665142842,2.3676033315459892,2.1881674951102896,,0.08923790399861373,35.800000000000004,0.43823222085392866
C,0.3,,0.24659464537341474,0.9589008924377642,1.205495537811179,0.7954412624196376,3.2945044621888213,0.7211937808443246,2.3684727645538217,2.185967260588253,,0.08891096381487057,36.0,0.43660803933071257
C,0.3,,0.24569449644327965,0.9590509172594534,1.204745413702733,0.7960610651439227,3.295254586297267,0.7190772378589397,2.369335985688597,2.1837842186891354,,0.08858641050255496,36.2,0.4349958509076159
C,0.3,,0.24480089527184554,0.9591998507880257,1.2040007460598712,0.7966771232717557,3.2959992539401286,0.7169723506910328,2.3701930612553124,2.181618169542662,,0.08826421801821292,36.4,0.4333955232528878
C,0.3,,0.2439137706745958,0.9593477048875674,1.2032614755621631,0.7972894706359319,3.2967385244378367,0.7148790331367869,2.3710440566191284,2.1794689163531156,,0.08794436069590199,36.6,0.43180692597426756
C,0.3,,0.2430330524951393,0.9594944912508101,1.2025275437459495,0.7978981406628941,3.2974724562540505,0.7127971996544089,2.371889036221952,2.1773362653406414,,0.08762681324037562,36.800000000000004,0.43022993058358594
C,0.3,,0.24215867158671586,0.959640221402214,1.2017988929889298,0.7985031663788141,3.29820110701107,0.710726765362672,2.372728063598671,2.175220025683882,,0.08731155072041487,37.0,0.4286644104621396
C,0.3,,0.2412905597940987,0.9597849067009836,1.2010754664950822,0.7991045804155666,3.298924533504918,0.7086676460392634,2.3735612013930467,2.1731200094639203,,0.08699854856230325,37.2,0.42711024082681864
C,0.3,,0.2404286499358857,0.959928558344019,1.2003572082799048,0.799702415016596,3.2996427917200952,0.7066197581189504,2.3743885113732794,2.171036031609479,,0.08668778254344177,37.4,0.425567298696966
C,0.3,,0.23957287578716802,0.9600711873688054,1.1996440631559735,0.8002967020426793,3.3003559368440265,0.7045830186915758,2.3752100544472436,2.16896790984336,,0.08637922878609997,37.6,0.4240354628619552
C,0.3,,0.23872317206256818,0.9602128046562386,1.1989359767188068,0.8008874729775856,3.301064023281193,0.702557345499888,2.3760258906774,2.1669154646300828,,0.08607286375130022,37.800000000000004,0.42251461384946215
C,0.3,,0.23787947439963752,0.9603534209333937,1.1982328953330312,0.8014747589336358,3.3017671046669688,0.7005426569372197,2.3768360792954164,2.164878519124694,,0.08576866423283165,38.0,0.42100463389441956
C,0.3,,0.2370417193426043,0.9604930467762326,1.197534766118837,0.8020585906571654,3.302465233881163,0.6985388720450197,2.37764067871647,2.162856899122716,,0.08546660735139039,38.2,0.41950540690863236
C,0.3,,0.23620984432646447,0.9606316926122559,1.1968415369387204,0.8026389985338896,3.30315846306128,0.6965459105102496,2.378439746553263,2.1608504330111984,,0.08516667054884344,38.400000000000006,0.41801681845104055
C,0.3,,0.235383787661406,0.960769368723099,1.1961531563845051,0.8032160125941752,3.303846843615495,0.6945636926626513,2.379233339629746,2.158858951720867,,0.08486883158261273,38.6,0.416538755698613
C,0.3,,0.23456348851755873,0.9609060852470735,1.1954695737646324,0.8037896625182195,3.3045304262353676,0.6925921394718928,2.380021513994569,2.156882288679308,,0.08457306852017668,38.800000000000004,0.415071107417855
C,0.3,,0.23374888691006232,0.9610418521816563,1.1947907390917185,0.8043599776411403,3.3052092609082813,0.6906311725446008,2.3808043249342457,2.1549202797651943,,0.0842793597336863,39.0,0.4136137639369168
C,0.3,,0.23293992368444402,0.961176679385926,1.19411660307037,0.8049269869579757,3.30588339692963,0.6886807141212867,2.3815818269860656,2.1529727632635045,,0.08398768389469316,39.2,0.41216661711828667
C,0.3,,0.23213654050229923,0.9613105765829502,1.1934471170852494,0.8054907191285984,3.3065528829147506,0.6867406870731708,2.3823540739507325,2.1510395798217177,,0.0836980199689863,39.400000000000006,0.4107295603320549
C,0.3,,0.23133867982726708,0.9614435533621222,1.1927822331893894,0.8060512024825446,3.3072177668106106,0.6848110148989149,2.3831211189047514,2.1491205724069617,,0.08341034721153584,39.6,0.409302488429736
C,0.3,,0.23054628491129456,0.961575619181451,1.1921219040927455,0.8066084650237595,3.3078780959072542,0.6828916217212647,2.3838830142125715,2.1472155862640863,,0.08312464516154024,39.800000000000004,0.4078852977186321
C,0.3,,0.2297592997811816,0.9617067833698031,1.1914660831509847,0.8071625344352618,3.308533916849015,0.6809824322836114,2.3846398115384804,2.145324468874642,,0.08284089363757524,40.0,0.4064778859367293
C,0.3,,0.22897766922540122,0.9618370551290998,1.190814724354501,0.807713438083727,3.3091852756454987,0.6790833719464773,2.385391561858258,2.143447069916737,,0.08255907273284169,40.2,0.40508015222811017
C,0.3,,0.2282013387811875,0.9619664435364688,1.1901677823176562,0.8082612030239948,3.309832217682344,0.6771943666839282,2.3861383154706064,2.1415832412257556,,0.08227916281051006,40.400000000000006,0.40369199711887194
C,0.3,,0.22743025472188524,0.9620949575463524,1.1895252122682376,0.8088058560034962,3.3104747877317626,0.6753153430799214,2.3868801220083524,2.1397328367559143,,0.08200114449915934,40.6,0.40231332249353785
C,0.3,,0.2266643640445557,0.962222605992574,1.1888869700371298,0.8093474234666085,3.31111302996287,0.6734462283245917,2.3876170304494204,2.1378957125426323,,0.08172499868830818,40.800000000000004,0.4009440315719495
C,0.3,,0.2259036144578313,0.9623493975903614,1.1882530120481927,0.8098859315589354,3.3117469879518073,0.6715869502104804,2.388349089127595,2.1360717266656986,,0.0814507065240359,41.0,0.3995840288866309
C,0.3,,0.22514795437001456,0.9624753409383309,1.1876232953083454,0.8104214061315134,3.312376704691655,0.6697374371287126,2.3890763457430686,2.134260739213226,,0.08117824940469141,41.2,0.398233220260609
C,0.3,,0.22439733287741492,0.9626004445204308,1.1869977773978457,0.8109538727449498,3.3130022226021545,0.6678976180651252,2.3897988473727927,2.1324626122463486,,0.08090760897668808,41.400000000000006,0.3968915127856843
C,0.3,,0.22365169975291813,0.962724716707847,1.186376416460765,0.8114833566734891,3.313623583539235,0.6660674225963514,2.3905166404806124,2.130677209764669,,0.08063876713038232,41.6,0.3955588148011375
C,0.3,,0.22291100543478257,0.9628481657608696,1.185759171195652,0.8120098829090129,3.3142408288043477,0.6642467808858658,2.3912297709272137,2.128904397672426,,0.08037170599603406,41.800000000000004,0.39423503587286496
C,0.3,,0.22217520101565807,0.9629707998307236,1.1851460008463817,0.8125334761649705,3.3148539991536183,0.6624356236799911,2.3919382839798713,2.1271440437453624,,0.08010640793984743,42.0,0.39292008677293067
C,0.3,,0.22144423823182047,0.9630926269613632,1.1845368651931838,0.8130541608802477,3.315463134806816,0.660633882303872,2.392642224322019,2.1253960175982867,,0.07984285556008919,42.2,0.3916138794595251
C,0.3,,0.22071806945261918,0.9632136550912301,1.1839317245438492,0.813571961222968,3.316068275456151,0.658841488657421,2.3933416360626216,2.1236601906532973,,0.07958103168328405,42.400000000000006,0.3903163270573245
C,0.3,,0.21999664767013075,0.9633338920549782,1.183330539725109,0.8140869010942313,3.316669460274891,0.6570583752112344,2.3940365627453772,2.121936436108672,,0.07932091936048419,42.6,0.3890273438382368
C,0.3,,0.21927992648901512,0.9634533455851642,1.1827332720741792,0.8145990041317936,3.317266727925821,0.655284475002488,2.3947270473577364,2.120224628908384,,0.07906250186361183,42.800000000000004,0.3877468452025289
C,0.3,,0.21856786011656953,0.9635720233139051,1.1821398834304746,0.815108293713682,3.317860116569525,0.6535197216308086,2.3954131323397587,2.1185246457122533,,0.07880576268187321,43.0,0.3864747476603247
C,0.3,,0.21786040335297535,0.9636899327745041,1.1815503361274795,0.8156147929617532,3.3184496638725207,0.6517640492541312,2.396094859592785,2.1168363648666992,,0.07855068551824194,43.2,0.38521096881346706
C,0.3,,0.21715751158173394,0.9638070814030444,1.1809645929847783,0.8161185247451929,3.319035407015222,0.6500173925845367,2.396772270487964,2.1151596663760923,,0.07829725428601068,43.400000000000006,0.383955427337732
C,0.3,,0.216459140760287,0.9639234765399521,1.1803826173002392,0.8166195116839567,3.319617382699761,0.6482796868840804,2.397445405874602,2.1134944318746824,,0.0780454531054092,43.6,0.3827080429653923
C,0.3,,0.215765247410817,0.9640391254315305,1.1798043728423475,0.817117776152158,3.3201956271576525,0.646550867960607,2.3981143060883703,2.111840544599099,,0.07779526630028745,43.800000000000004,0.38146873646811735
C,0.3,,0.21507578861122487,0.9641540352314625,1.1792298238426873,0.8176133402813966,3.3207701761573127,0.6448308721635597,2.3987790109593377,2.110197889361399,,0.07754667839486253,44.0,0.3802374296402053
C,0.3,,0.214390721986279,0.9642682130022868,1.1786589349885659,0.8181062259640369,3.321341065011434,0.6431196363797812,2.3994395598198714,2.1085663525226637,,0.07729967411052739,44.2,0.379014045282138
C,0.3,,0.21371000569893342,0.9643816657168445,1.1780916714157779,0.8185964548564322,3.321908328584222,0.6414170980293113,2.400095991512386,2.10694582196711,,0.07705423836272059,44.400000000000006,0.37779850718445346
C,0.3,,0.2130335984418114,0.9644944002596981,1.1775279987015095,0.8190840483820945,3.3224720012984905,0.6397231950611837,2.400748344396945,2.1053361870767366,,0.07681035625785565,44.6,0.3765907401119255
C,0.3,,0.21236145942884876,0.9646064234285252,1.176967882857374,0.8195690277348181,3.323032117142626,0.6380378659492193,2.401396656358714,2.1037373387064564,,0.07656801309030799,44.800000000000004,0.3753906697880479
C,0.3,,0.21169354838709672,0.9647177419354839,1.1764112903225805,0.8200514138817482,3.3235887096774195,0.6363610496878251,2.4020409648152965,2.1021491691597287,,0.07632719433945943,45.0,0.37419822287981275
C,0.3,,0.21102982554867752,0.9648283624085537,1.1758581879572312,0.8205312275664035,3.324141812042769,0.6346926857877924,2.4026813067239146,2.1005715721646787,,0.07608788566679775,45.2,0.3730133269827778
C,0.3,,0.21037025164289147,0.9649382913928515,1.1753085430357428,0.8210084893116499,3.324691456964257,0.6330327142721021,2.403317718588467,2.099004442850672,,0.07585007291307078,45.400000000000006,0.3718359106064179
C,0.3,,0.20971478788847167,0.9650475353519213,1.174762323240393,0.8214832194226257,3.325237676759607,0.6313810756717353,2.4039502364664536,2.097447677725362,,0.0756137420954939,45.6,0.37066590315975095
C,0.3,,0.20906339598598278,0.9651561006690028,1.1742194966549855,0.8219554379896227,3.3257805033450145,0.6297377110214921,2.4045788959757832,2.0959011746521803,,0.07537887940500933,45.800000000000004,0.36950323493723586
C,0.3,,0.20841603811036125,0.9652639936482731,1.1736800317586344,0.8224251648909182,3.3263199682413656,0.6281025618558188,2.405203732301441,2.0943648328282665,,0.07514547120359645,46.0,0.36834783710493385
C,0.3,,0.20777267690359347,0.9653712205160677,1.1731438974196613,0.8228924197955672,3.3268561025803387,0.6264755702046454,2.405824780202047,2.0928385527628235,,0.07491350402163188,46.2,0.367199641686929
C,0.3,,0.20713327546752938,0.9654777874220785,1.1726110628896078,0.8233572221661452,3.327388937110392,0.6248566785892355,2.4064420740162955,2.0913222362558996,,0.07468296455529845,46.400000000000006,0.366058581552002
C,0.3,,0.2064977973568282,0.9655837004405287,1.1720814977973568,0.8238195912614518,3.3279185022026434,0.6232458300180481,2.407055647669274,2.0898157863775735,,0.07445383966404164,46.6,0.3649245904005512
C,0.3,,0.20586620657203358,0.9656889655713278,1.1715551721433615,0.8242795461391705,3.3284448278566385,0.6216429679826126,2.407665534678663,2.0883191074475422,,0.07422611636807289,46.800000000000004,0.3637976027517552
C,0.3,,0.2052384675527756,0.965793588741204,1.1710320562939796,0.8247371056584878,3.3289679437060204,0.6200480364534207,2.408271768160842,2.086832105015096,,0.07399978184591847,47.0,0.362677553930975
C,0.3,,0.20461454517109673,0.9658975758048172,1.170512120975914,0.825192288482669,3.329487879024086,0.6184609798758307,2.4088743808368673,2.08535468583949,,0.07377482343201319,47.2,0.36156438005738384
C,0.3,,0.20399440472489894,0.9660009325458502,1.1699953372707492,0.825645113081598,3.3300046627292508,0.6168817431659925,2.409473405038357,2.083886757870669,,0.07355122861433766,47.400000000000006,0.3604580180318286
C,0.3,,0.20337801193151003,0.9661036646780816,1.1694816766095917,0.8260955977342741,3.3305183233904083,0.6153102717067871,2.410068872713258,2.0824282302303776,,0.07332898503209864,47.6,0.35935840552491033
C,0.3,,0.20276533292136564,0.966205777846439,1.1689711107678047,0.8265437605312717,3.3310288892321953,0.6137465113437844,2.4106608154315268,2.0809790131936174,,0.07310808047345103,47.800000000000004,0.3582654809652825
C,0.3,,0.20215633423180593,0.9663072776280324,1.1684636118598384,0.8269896193771625,3.3315363881401616,0.6121904083812235,2.4112492643906975,2.079539018170458,,0.07288850287326125,48.0,0.35717918352816375
C,0.3,,0.20155098280098277,0.9664081695331695,1.1679591523341524,0.8274331919929001,3.332040847665848,0.6106419095780082,2.4118342504213537,2.0781081576881877,,0.0726702403109104,48.2,0.3560994531240567
C,0.3,,0.20094924596187702,0.9665084590063538,1.1674577049682309,0.8278744959181666,3.332542295031769,0.6091009621437267,2.4124158039925097,2.0766863453738043,,0.07245328100813726,48.400000000000006,0.355026230387672
C,0.3,,0.20035109143642188,0.966608151427263,1.1669592428636848,0.8283135485136859,3.333040757136315,0.6075675137346904,2.412993955216893,2.075273495936827,,0.07223761332691933,48.6,0.35395945666705214
C,0.3,,0.19975648732973134,0.9667072521117115,1.1664637394414428,0.8287503669634995,3.3335362605585575,0.6060415124499957,2.4135687338561276,2.0738695251524355,,0.07202322576739191,48.800000000000004,0.3528990740128892
C,0.3,,0.19916540212443093,0.9668057663125948,1.1659711684370258,0.8291849682772084,3.334028831562974,0.6045229068276069,2.4141401693258504,2.072474349844916,,0.07181010696580403,49.0,0.3518450251680363
C,0.3,,0.19857780467508887,0.9669036992208185,1.1654815038959074,0.8296173692921819,3.3345184961040926,0.603011645840463,2.41470829070071,2.0710878878714194,,0.07159824569251057,49.2,0.3507972535572037
C,0.3,,0.1979936642027455,0.9670010559662091,1.1649947201689546,0.8300475866757309,3.335005279831045,0.6015076788926069,2.41527312671929,2.069710058106018,,0.07138763084999979,49.400000000000006,0.34975570327684036
C,0.3,,0.19741295028953898,0.9670978416184102,1.1645107919079491,0.8304756369272498,3.335489208092051,0.6000109558153398,2.415834705788962,2.0683407804240534,,0.07117825147095565,49.6,0.3487203190851949
C,0.3,,0.19683563287342531,0.9671940611877624,1.1640296940611878,0.8309015363803265,3.335970305938812,0.5985214268633975,2.4163930559906324,2.0669799756867766,,0.07097009671635403,49.800000000000004,0.34769104639255105
C,0.3,,0.19626168224299065,0.9672897196261683,1.1635514018691588,0.8313253012048194,3.336448598130841,0.5970390427111538,2.416948205083414,2.065627565726264,,0.07076315587359232,50.0,0.34666783125163775
